us_class	patent
134/166.R	0
134/138	0
106/627	1
106/600	1
106/631	1
106/632	1
106/634	1
210/702	1
204/554	2
588/002	3
588/315	3
210/709	4
210/711	4
210/712	4
210/713	4
210/714	4
210/724	4
210/726	4
210/738	4
210/739	4
210/745	4
210/636	5
210/189	5
210/638	5
053/434	6
053/436	6
405/286	7
405/284	7
047/044	7
047/047	7
047/083	7
604/368	8
524/300	8
524/322	8
588/249	8
588/255	8
210/609	9
210/741	10
210/109	10
210/103	10
210/117	10
210/747.9	10
210/137	10
210/747.9	11
210/109	11
210/117	11
422/004	12
315/294	12
362/249.02	12
422/024	12
210/748.11	12
248/534	13
248/530	13
052/296	13
210/648	14
210/188	14
210/634	15
210/096.1	15
210/767	15
210/787	15
210/774	15
210/772	15
210/739	15
210/202	15
210/739	16
210/767	16
210/800	16
210/198.1	16
210/605	17
210/614	17
210/623	17
210/626	17
210/628	17
210/610	18
210/620	18
210/170.06	18
136/244	18
048/204	19
048/102.R	19
048/127.9	19
203/047	19
203/087	19
203/099	19
210/705	19
210/713	19
210/748.01	19
210/631	20
210/614	21
210/205	21
210/102	21
210/097	21
210/620	21
405/302.7	22
405/302.7	23
201/006	24
201/020	24
202/099	24
405/270	25
405/302.7	25
524/060	26
524/547	26
524/446	26
526/240	26
204/571	27
204/660	27
210/681	28
210/687	28
106/713	28
210/710	29
210/170.09	29
210/170.05	29
423/581	30
210/695	31
210/192	31
204/267	31
210/512.1	31
210/513	31
210/103	31
335/209	31
423/419.1	31
423/592.1	31
210/727	32
210/702	32
210/731	32
210/735	32
210/732	32
210/733	32
210/723	32
210/728	32
210/726	32
210/085	32
210/742	33
210/746	33
210/764	33
209/162	34
405/038	35
405/129.95	35
588/317	36
252/184	36
264/013	36
118/429	36
210/666	37
568/009	37
210/663	37
210/665	37
210/198.1	38
210/613	39
405/129.95	40
405/129.57	40
405/129.7	40
405/129.75	40
405/129.85	40
210/670	41
210/660	41
502/439	41
502/406	41
502/407	41
502/411	41
204/252	42
204/253	42
204/257	42
205/746	42
052/220.1	43
052/293.3	43
210/707	44
210/192	44
210/704	44
210/721	45
210/749	46
210/241	46
210/221.2	46
210/194	46
210/085	46
210/205	46
210/207	46
588/250	47
206/006	47
588/250	48
206/006	48
428/402.2	48
428/402.21	48
261/123	49
261/124	49
261/126	49
210/101	49
210/109	49
210/137	49
210/218	49
210/220	49
210/615	50
210/619	50
210/151	50
210/652	51
210/097	51
405/129.95	52
405/129.85	52
405/129.75	52
405/129.7	52
405/129.57	52
210/636	53
435/134	54
044/385	54
048/197.R	54
435/136	55
702/005	56
702/155	56
702/166	56
702/167	56
165/104.13	57
165/104.31	57
405/233	58
405/271	58
106/708	59
106/807	59
106/790	59
210/198.1	59
261/072.1	60
210/609	61
518/702	62
422/187	62
422/148	62
029/428	63
428/099	63
405/271	64
405/232	64
210/605	65
210/601	65
203/010	66
203/025	66
210/742	67
210/739	67
210/767	67
210/800	67
210/801	67
210/103	67
210/170.06	67
210/513	67
435/029	68
435/290.1	68
435/290.4	68
071/009	68
071/010	68
405/129.5	68
405/129.57	68
405/129.85	68
405/129.95	68
210/610	69
210/150	69
210/631	70
210/259	70
210/260	70
210/202	70
210/143	70
210/096.2	70
052/294	71
052/296	71
052/220.2	71
052/220.3	71
052/604	71
210/637	72
202/158	72
588/257	73
588/256	73
405/129.95	73
203/001	74
095/001	74
095/039	74
203/002	74
203/023	74
203/024	74
203/040	74
203/DIG.800	74
210/739	74
210/744	74
210/774	74
210/150	75
210/258	75
210/606	75
071/012	76
210/609	76
106/697	76
106/407	76
044/311	76
044/605	76
203/010	77
202/153	77
210/721	78
210/724	78
210/758	78
210/748.01	78
210/748.16	78
205/742	78
205/744	78
205/755	78
205/757	78
205/760	78
210/804	79
210/138	79
210/195.1	79
405/129.55	80
405/270	80
405/129.95	80
405/129.85	80
405/129.75	80
405/302.7	80
203/010	81
202/163	81
203/011	82
210/638	83
210/199	83
210/139	83
210/652	84
210/650	84
210/636	84
210/721	85
210/724	85
405/232	86
703/001	87
210/615	88
210/150	88
210/138	88
241/060	89
404/004	90
404/072	90
166/266	91
159/013.2	91
210/177	91
405/211	92
210/710	93
524/436	93
210/198.1	93
210/143	93
210/620	94
210/120	94
210/096.1	94
210/188	94
210/739	94
210/629	95
435/262	96
210/708	97
210/202	97
210/167.1	98
210/609	99
210/151	99
210/114	99
210/298	99
241/194	99
034/524	99
425/006	99
210/615	100
210/150	100
210/758	101
210/198.1	101
060/641.8	102
136/246	102
136/205	102
210/175	102
204/627	102
204/242	102
210/180	102
210/652	102
210/650	102
204/518	102
204/520	102
205/742	102
210/640	102
203/010	102
202/232	102
405/129.2	103
166/272.3	103
405/129.95	103
208/187	103
588/018	104
588/020	104
210/614	105
210/631	105
210/709	105
210/711	105
210/713	105
210/714	105
210/727	105
210/906	105
060/651	106
060/643	106
060/659	106
060/671	106
165/010	106
060/645	106
062/123	106
062/532	106
210/150	107
210/170.06	107
210/170.08	107
210/220	107
210/532.2	107
210/671	108
210/490	108
210/691	108
029/428	108
405/128.25	109
210/605	110
210/195.3	110
210/608	110
405/233	111
406/014	112
405/232	112
204/524	113
204/533	113
204/536	113
210/748.09	114
252/502	114
205/760	114
204/294	114
204/242	114
204/278	114
204/277	114
429/231.8	114
429/523	114
977/742	114
977/932	114
210/198.1	115
210/767	115
210/500.1	115
405/129.9	116
405/129.95	116
210/623	117
210/624	117
210/625	117
210/626	117
210/627	117
210/628	117
210/173	117
210/767	118
210/323.1	118
210/196	118
435/287.1	118
210/603	119
210/612	119
210/630	119
210/631	119
210/175	119
210/259	119
435/262.5	119
071/009	119
071/010	119
071/011	119
210/806	120
210/252	120
210/201	120
210/202	120
210/693	121
210/242.4	121
405/055	122
405/053	122
210/513	123
210/741	124
004/679	124
383/107	124
383/109	124
029/428	124
210/767	124
210/642	125
062/053.1	125
203/012	125
210/652	125
210/681	125
210/737	125
210/747.5	125
423/220	125
423/437.1	125
435/252.1	126
210/695	126
435/254.1	126
435/255.1	126
435/257.1	126
428/086	127
428/099	127
428/137	127
156/324.4	127
405/302.7	127
210/721	128
210/709	129
210/715	129
210/718	129
210/741	129
210/802	129
210/803	129
210/903	129
210/906	129
052/223.1	130
052/292	130
052/309.17	130
052/596	130
052/741.41	130
052/223.6	130
052/223.8	130
052/223.14	130
052/223.4	130
106/464	130
106/644	130
106/738	130
106/817	130
423/220	130
423/419.1	130
423/420.2	130
423/441	130
423/430	130
404/044	130
405/019	131
442/181	131
405/239	132
405/240	132
405/243	132
175/056	132
175/171	132
165/045	133
165/104.19	133
052/169.11	133
405/229	134
405/302.7	134
104/106	134
210/096.1	135
210/207	135
210/295	135
210/519	135
210/521	135
210/602	136
210/603	136
210/170.1	136
210/602	137
210/150	137
210/143	137
210/151	137
210/774	138
210/180	138
705/500	139
110/342	139
110/345	139
299/010	139
588/300	139
423/235	139
166/308.1	139
405/053	139
166/268	139
075/392	139
210/747.5	139
405/195.1	140
210/626	141
252/182.12	141
252/182.3	142
568/009	142
405/129.95	143
405/129.6	144
405/129.6	145
405/272	146
588/016	147
525/523	147
588/255	147
205/758	148
205/742	148
204/287	148
204/275.1	148
204/277	148
261/108	148
405/302.4	149
210/748.17	150
210/192	150
248/201	151
248/224.7	151
405/195.1	152
405/185	152
405/128.1	153
414/800	153
280/404	153
052/167.1	154
405/302.4	154
422/187	155
405/129.95	156
210/752	157
210/096.1	157
210/759	157
062/003.2	158
165/134.1	158
165/104.27	158
165/166	158
203/011	158
210/631	159
210/667	159
435/262	160
435/262.5	160
435/264	160
106/484	161
210/638	161
210/631	162
210/143	162
210/294	162
210/259	162
210/202	162
210/150	162
210/096.2	162
222/190	163
222/129	163
222/394	163
222/638	163
210/170.8	163
210/209	163
210/631	163
210/749	163
205/701	164
205/742	164
205/751	164
205/628	164
205/637	164
205/639	164
204/242	164
204/275.1	164
204/276	164
204/278	164
071/012	165
210/631	165
210/195.3	165
210/243	165
210/614	166
210/747	166
210/702	166
210/170.1	166
210/138	166
210/096.1	166
210/631	167
210/202	167
204/524	168
204/632	168
106/772	169
425/086	169
106/817	170
210/688	171
210/660	171
210/681	171
210/690	171
502/426	171
405/271	172
405/302.4	172
435/262	173
100/295	173
405/286	174
405/284	174
047/044	174
047/047	174
047/083	174
210/748.17	175
210/192	175
210/259	175
435/262	176
203/011	177
203/010	177
202/158	177
202/176	178
210/175	178
210/250	178
210/257.2	178
210/631	179
210/711	179
210/713	179
210/714	179
210/725	179
210/727	179
210/906	179
210/097	180
210/321.69	180
405/129.9	181
210/660	182
210/807	182
210/749	183
210/198.1	183
588/319	184
588/300	184
588/313	184
209/659	184
209/235	184
052/302.3	185
052/169.5	185
521/040	186
521/040.5	186
521/041	186
521/046	186
521/047.5	186
521/048	186
528/480	186
528/502.R	186
528/502.A	186
241/019	186
241/022	186
209/132	186
209/142	186
209/162	186
209/172.5	186
209/724	186
210/603	187
210/626	187
210/195.1	187
210/614	187
252/373	188
422/001	188
422/107	188
095/187	189
096/235	189
071/008	190
435/266	190
210/601	190
435/290.1	190
405/128.1	190
210/741	191
210/297	191
210/202	191
210/096.1	191
210/783	191
052/019	192
220/004.3	192
220/004.26	192
404/025	192
210/610	193
405/302.4	194
502/400	194
106/638	194
106/713	194
071/012	195
070/011	195
422/187	195
210/752	195
205/743	196
204/274	196
204/262	196
205/742	196
210/665	197
210/721	197
210/287	197
210/282	197
252/186.1	197
210/737	198
095/205	198
095/195	198
210/151	198
588/309	199
588/313	199
588/320	199
588/252	199
502/151	200
502/340	200
502/161	200
502/401	200
502/150	200
502/172	200
502/170	200
502/162	200
588/250	200
588/312	201
422/184.1	201
062/064	202
062/050.2	202
062/053.2	202
169/046	202
128/200.24	202
210/776	202
423/210	202
239/001	202
405/130	202
705/026	202
588/256	203
588/412	203
588/315	203
210/605	204
435/819	204
435/801	204
435/041	204
435/042	204
435/132	204
435/153	204
435/162	204
435/170	204
435/171	204
435/243	204
159/004.1	205
159/047.3	205
210/603	206
210/617	206
210/259	206
210/260	206
071/010	206
071/026	206
405/239	207
405/243	207
405/240	207
210/652	208
210/650	208
210/639	208
210/767	208
210/749	208
210/660	208
210/195.2	208
210/175	208
210/766	208
210/805	208
096/234	208
166/260	208
405/282	209
435/262	210
435/290.1	210
210/709	211
210/086	211
210/710	212
405/195.1	213
114/265	213
205/688	214
205/701	214
205/742	214
205/751	214
204/242	214
204/275.1	214
204/276	214
405/302.4	215
114/264	216
220/567.2	216
210/170.11	216
055/385.1	216
588/252	217
210/602	218
210/170.3	218
210/512.1	218
210/513	218
062/617	219
062/532	219
128/204.16	219
128/205.12	219
588/249.5	220
053/167	220
210/740	221
210/149	221
210/103	221
210/742	221
210/652	222
166/075.11	222
166/105	222
166/265	222
166/267	222
210/137	222
210/167.1	222
210/195.1	222
210/195.2	222
210/257.1	222
210/258	222
210/321.66	222
210/747	222
210/805	222
210/806	222
210/257.2	222
210/321.65	222
210/739	222
417/053	222
417/076	222
417/087	222
417/151	222
417/244	222
210/638	223
210/195.2	223
210/662	224
210/669	224
210/289	224
526/229	225
252/186.43	225
703/012	225
210/603	226
210/259	226
210/260	226
201/018	227
202/100	227
202/117	227
202/216	227
110/245	227
588/019	227
201/019	227
201/036	227
405/267	228
405/263	228
210/710	229
210/713	229
210/724	229
210/725	229
210/727	229
210/912	229
210/913	229
210/683	230
423/226	230
096/004	230
210/170.11	230
205/464	230
204/632	231
210/198.1	231
210/098	231
210/259	231
204/665	231
210/173	231
210/153	231
205/688	232
205/701	232
205/742	232
205/751	232
204/242	232
204/275.1	232
204/276	232
210/202	233
210/205	233
210/747	234
210/769	234
210/776	234
210/170.11	234
210/922	234
210/923	234
405/191	234
114/312	234
114/337	234
114/382	234
205/743	235
205/744	235
205/742	235
204/242	235
405/284	236
166/266	237
159/047.1	237
159/047.3	237
166/267	237
166/272.3	237
166/303	237
210/652	237
210/664	237
210/774	237
210/806	237
210/634	238
095/107	238
095/273	238
095/274	238
095/287	238
096/131	238
096/132	238
096/142	238
096/154	238
210/266	238
210/284	238
210/290	238
210/291	238
210/484	238
210/485	238
210/489	238
210/335	238
210/511	238
210/638	238
210/678	238
210/679	238
210/806	238
071/012	239
405/128.1	240
422/194	241
422/184.1	241
422/193	241
422/196	241
422/197	241
422/204	241
210/749	241
210/752	241
210/761	241
166/061	241
588/256	242
052/169.13	243
052/630	243
052/300	243
052/741.13	243
052/745.19	243
052/309.1	243
204/524	244
204/525	244
204/533	244
204/536	244
204/632	244
210/138	245
210/170.1	245
210/170.11	245
210/638	246
210/639	246
210/190	246
210/626	247
210/195.3	247
502/172	248
052/169.5	249
052/309.4	249
052/741.3	249
052/717.3	249
052/020	250
220/567.1	250
052/079.8	250
052/309.1	250
052/712	250
052/741.4	250
052/745.6	250
052/745.16	250
210/602	251
210/170.9	251
210/085	251
901/031	251
205/688	252
205/701	252
205/742	252
205/751	252
204/242	252
204/275.1	252
204/276	252
210/604	253
210/613	253
210/603	253
210/609	253
071/009	253
210/151	253
210/177	253
210/188	253
210/765	253
210/758	254
210/173	254
210/652	255
210/639	255
210/650	255
210/767	255
210/749	255
210/766	255
210/805	255
210/660	255
210/175	255
210/195.2	255
096/234	255
205/688	256
205/701	256
205/742	256
205/751	256
204/242	256
204/275.1	256
204/276	256
210/722	257
210/134	257
210/738	258
210/519	258
210/086	258
210/120	258
405/195.1	259
405/185	259
210/195.3	260
210/194	260
210/202	260
210/241	260
210/689	261
604/367	261
602/043	261
588/249	261
521/151	261
521/068	261
210/713	262
210/749	262
210/725	262
210/638	263
210/639	263
210/712	263
210/713	263
210/718	263
210/724	263
210/726	263
210/747	263
210/803	263
210/804	263
210/906	263
210/915	263
210/151	264
210/194	264
210/197	264
210/617	264
210/629	264
261/DIG.72	264
210/116	265
210/202	265
423/437.1	266
423/220	266
588/250	266
062/053.1	266
062/602	266
205/688	267
205/701	267
205/742	267
205/751	267
204/242	267
204/275.1	267
204/276	267
210/605	268
210/617	268
210/151	268
210/631	269
210/667	269
210/711	269
405/129.1	270
241/025	270
241/024.1	270
405/129.2	270
405/129.95	270
210/650	271
210/321.84	271
428/098	271
428/188	271
510/507	272
405/129.9	272
205/080	273
023/314	273
204/294	273
205/687	273
210/609	274
210/105	274
210/170.8	275
210/170.8	276
210/259	276
210/269	276
210/195.1	276
210/745	277
210/805	277
210/786	277
210/739	277
210/143	278
210/149	278
422/001	279
422/028	279
422/040	279
422/291	279
422/301	279
422/309	279
241/082.4	279
422/184.1	279
210/603	280
210/608	280
210/613	280
405/263	281
588/318	282
405/128.1	283
004/222	284
210/603	285
210/609	285
071/010	285
261/121.1	286
210/600	286
210/750	286
210/734	287
210/731	287
210/725	287
210/738	287
210/767	287
405/128.75	288
210/613	289
210/180	289
210/188	289
209/012.1	290
209/039	290
209/040	290
210/725	291
210/727	291
210/912	291
210/913	291
210/602	292
210/170.1	292
210/170.3	292
210/532.1	292
210/151	292
205/688	293
205/701	293
205/703	293
205/746	293
205/749	293
204/252	293
204/259	293
204/262	293
204/263	293
204/266	293
210/747	294
114/312	294
114/337	294
210/170.1	294
901/002	294
901/027	294
210/738	295
210/803	295
210/205	295
210/532.1	295
210/533	295
166/303	296
166/267	296
426/576	296
203/003	297
203/001	297
203/024	297
203/034	297
203/040	297
203/087	297
203/027	298
202/177	298
202/180	298
159/047.3	299
159/017.3	299
210/143	300
210/205	300
210/609	301
210/705	301
210/739	301
210/740	301
210/741	301
210/742	301
210/743	301
210/744	301
210/746	301
210/087	301
210/088	301
210/205	302
210/257.2	302
210/299	302
210/416.3	302
204/278.5	303
204/294	303
204/661	303
204/666	303
205/688	303
205/758	303
210/500.23	304
210/500.42	304
427/244	304
052/293.3	305
052/741.3	306
052/232	306
052/309.17	306
052/745.19	306
210/652	307
210/650	307
210/743	307
210/747	307
210/748	307
210/749	307
210/754	307
210/702	308
210/202	308
210/903	308
210/605	309
210/251	309
210/609	309
210/603	310
210/609	310
210/702	311
210/709	311
210/758	311
210/721	311
210/205	311
210/096.1	311
210/257.1	311
210/220	311
210/259	311
210/748	311
210/753	311
210/151	312
210/748	313
204/280	313
435/262	314
435/292.1	314
210/717	315
210/716	315
210/195.1	316
210/788	316
210/804	316
210/512.1	316
210/259	316
210/513	316
210/512.2	316
210/703	316
210/805	316
405/129.95	317
405/036	317
405/302.7	317
210/170	317
210/747	317
209/003.1	318
209/155	318
209/724	318
210/716	319
210/207	319
210/723	319
210/724	319
516/138	319
241/024.1	320
241/184	320
210/195.1	321
210/197	321
210/199	321
210/202	321
210/203	321
210/241	321
175/066	321
210/119	322
210/123	322
210/124	322
210/195.3	322
210/197	322
210/220	322
210/532.2	322
210/540	322
210/724	323
252/175	323
210/906	323
210/741	324
210/109	324
210/110	324
210/770	324
210/771	324
404/076	325
052/019	326
210/770	327
588/261	327
510/370	328
210/167.01	329
201/041	330
202/208	330
588/256	331
210/605	332
210/612	332
210/175	332
210/603	332
210/614	332
588/256	333
588/250	334
210/602	335
210/603	335
210/610	335
210/612	335
210/259	335
210/903	335
210/906	335
210/748	336
210/760	336
210/770	336
210/175	336
210/202	336
261/122.1	337
261/124	337
261/DIG.70	337
405/128.75	338
210/695	339
210/705	339
210/711	339
210/713	339
210/714	339
210/725	339
210/727	339
210/912	339
210/913	339
210/914	339
210/699	340
210/696	340
210/698	340
252/181	340
422/015	340
422/019	340
210/724	341
588/321	342
422/188	342
210/620	343
210/724	344
210/738	344
034/060	345
034/443	345
210/605	346
588/318	347
106/668	348
106/669	348
106/671	348
106/697	348
588/257	348
405/129.95	349
052/514	350
210/620	351
210/632	351
210/209	351
405/128.25	352
405/128.2	352
428/402	353
428/406	353
065/017.6	353
065/020	353
065/022	353
210/175	354
210/251	354
210/257.2	354
210/773	355
241/020	355
241/015	355
422/001	355
241/038	355
405/237	356
405/243	356
405/242	356
405/233	356
210/202	357
210/252	357
210/532.1	357
210/610	357
405/128.15	358
405/128.1	358
134/042	359
210/761	360
210/765	360
210/605	361
405/129.85	362
405/129.1	363
405/129.1	364
588/256	365
210/748	366
210/192	366
210/259	366
588/303	366
588/405	366
204/554	366
204/660	366
405/129.9	367
210/758	367
210/617	368
210/694	368
210/670	368
210/678	368
210/748	368
210/265	368
210/275	368
210/800	369
210/532.1	369
210/921	369
210/748	370
210/723	371
210/209	371
405/267	372
405/302.6	373
128/205.12	374
210/609	375
210/623	375
210/617	375
210/631	375
405/302.7	376
210/617	377
210/150	377
210/321.67	378
210/321.68	378
210/321.69	378
210/636	378
210/650	378
210/500.23	378
210/321.75	378
210/323.2	378
210/321.8	378
210/321.84	378
210/321.89	378
210/637	379
210/650	379
210/652	379
210/321.66	379
210/170	379
210/747	379
210/257.2	379
210/258	379
166/267	379
166/357	379
588/256	380
588/413	380
588/256	381
210/601	382
210/173	382
210/603	382
210/920	382
156/308.4	383
156/071	383
052/169.7	383
405/258.1	384
210/617	385
210/747	385
210/150	385
210/151	385
210/170	385
210/532.2	385
204/252	386
204/242	386
204/263	386
405/237	387
405/232	387
405/233	387
210/609	388
210/615	388
210/616	388
210/617	388
210/631	388
405/128.7	389
241/021	390
241/073	390
422/021	391
219/678	391
588/256	392
210/609	393
210/610	393
210/617	393
210/623	393
210/631	393
210/631	394
405/258.1	395
405/271	395
405/269	395
210/620	396
210/625	396
210/629	396
210/150	396
210/220	396
106/772	397
210/640	398
210/747	398
210/242.1	398
210/760	399
210/769	399
210/205	399
210/257.1	399
060/645	400
060/648	400
060/655	400
060/670	400
429/013	400
429/017	400
429/026	400
220/004.07	401
210/109	402
210/418	402
210/087	402
210/435	402
210/712	403
175/066	403
210/724	403
210/738	403
210/747	403
210/804	403
210/806	403
210/724	404
405/258.1	405
405/285	406
405/272	406
210/695	407
210/222	407
210/804	407
435/286.5	408
435/297.2	408
435/298.1	408
588/312	409
588/412	409
210/631	410
210/650	410
210/259	410
588/256	411
210/087	412
210/091	412
210/094	412
210/138	412
210/449	412
210/722	413
210/219	413
210/220	413
588/256	414
210/195.1	415
210/202	415
210/220	415
588/252	416
588/256	416
588/260	416
210/739	417
210/757	417
210/758	417
210/691	418
210/747	418
210/163	418
210/282	418
424/661	419
210/756	419
210/695	420
210/723	420
210/705	420
210/711	420
210/713	420
210/714	420
210/725	420
210/727	420
405/015	421
405/036	421
405/207	421
405/302.6	421
588/256	422
423/322	423
210/710	423
210/908	423
428/138	424
052/782.1	425
435/262.5	426
588/252	427
210/617	428
210/151	428
588/252	429
588/252	430
210/695	431
208/113	431
423/150.2	431
210/806	431
210/780	431
210/767	432
210/488	432
210/503	432
405/258.1	433
405/229	433
210/220	434
264/263	435
264/268	435
264/271.1	435
264/279.1	435
264/320	435
264/333	435
205/688	436
204/242	436
405/129.95	437
205/688	438
205/696	438
210/764	439
210/743	439
210/723	440
210/739	440
210/173	441
210/181	441
210/182	441
210/199	441
210/202	441
210/205	441
210/257.1	441
210/258	441
210/519	441
210/602	442
210/603	442
210/629	442
119/204	442
210/169	442
210/639	443
210/749	443
210/752	443
095/263	443
210/806	443
425/435	444
264/308	444
264/311	444
052/292	444
516/010	445
588/313	445
435/134	446
554/008	446
044/385	446
204/533	447
204/536	447
204/632	447
205/688	448
205/703	448
205/751	449
210/321.69	450
210/321.89	450
210/500.23	450
210/388	450
210/620	451
210/532.2	451
405/129.2	451
405/129.25	451
405/129.27	451
405/129.28	451
096/108	452
210/728	453
210/749	454
405/302.7	455
405/184.2	455
047/001.1T	456
405/016	456
588/256	457
210/744	458
210/791	458
210/123	458
210/282	458
264/162	459
524/068	459
524/439	459
524/442	459
264/349	459
264/320	459
264/322	459
156/094	459
106/287.35	459
204/242	460
204/267	460
210/097	461
210/136	461
210/143	461
210/187	461
210/248	461
210/256	461
210/257.1	461
210/305	461
210/312	461
210/320	461
210/521	461
210/532.1	461
210/533	461
210/540	461
210/194	462
203/001	463
202/206	463
202/205	463
202/196	463
202/267.1	463
202/265	463
202/269	463
203/010	463
202/098	463
203/DIG.18	463
029/426.5	464
029/700	464
241/065	465
241/236	465
428/002	466
205/701	467
205/770	467
205/746	467
205/703	467
204/252	467
204/275.1	467
210/683	468
588/250	469
100/038	470
209/215	471
209/643	471
209/133	471
423/322	472
205/688	473
205/698	473
210/626	474
210/195.3	474
210/759	475
210/620	476
405/302.7	477
428/357	477
405/302.6	477
210/621	478
210/629	478
210/170	478
405/267	479
405/270	479
405/258.1	479
210/607	480
210/621	480
210/629	480
210/220	480
210/623	480
210/744	480
435/003	481
435/262	481
048/127.3	482
048/127.9	482
435/166	482
435/290.4	482
435/300.1	482
241/062	483
252/070	484
600/395	485
034/443	486
210/721	487
210/660	488
285/423	489
285/903	489
024/016.PB	489
210/702	490
210/205	490
210/241	490
210/748	491
210/759	492
261/122.1	493
405/128.5	494
588/256	494
405/129.3	494
210/747	494
502/400	495
524/414	496
106/287.29	496
106/287.1	496
106/287.32	496
588/231	496
588/236	496
588/252	496
588/255	496
588/256	496
588/901	496
047/058.1SC	497
238/084	498
428/034.1	499
083/178	500
156/095	500
175/057	501
405/231	501
405/240	501
203/001	502
203/010	502
203/002	502
203/022	502
203/024	502
203/026	502
203/040	502
203/DIG.8	502
202/160	502
202/197	502
202/176	502
210/603	503
210/631	503
210/188	503
210/192	503
210/615	504
210/220	505
210/241	505
210/532.2	505
210/291	505
405/302.6	506
405/302.7	506
210/097	507
210/602	508
210/615	508
210/747	508
588/256	509
210/149	510
210/172	510
210/418	510
210/721	511
261/120	511
210/220	511
210/198.1	511
405/229	512
404/028	512
404/031	512
405/016	512
405/025	512
405/030	512
405/032	512
405/107	512
405/258.1	512
405/302.4	512
405/302.6	512
052/DIG.9	512
210/626	513
210/197	513
210/195.3	513
405/129.57	514
405/129.85	514
588/252	515
405/129.27	515
052/020	516
404/025	516
220/220	516
166/302	517
429/012	518
210/695	519
210/223	519
210/243	519
210/748	519
435/290.1	520
166/245	521
210/610	522
405/075	523
405/195.1	523
405/303	523
422/261	524
202/185.1	525
202/196	525
202/205	525
210/163	526
210/541	526
210/709	527
210/726	527
210/205	527
210/617	528
210/151	528
210/722	529
210/220	529
405/061	530
405/217	530
405/302.4	531
405/302.7	531
210/640	532
644/649	532
644/321.75	532
644/175	532
095/043	532
095/045	532
096/004	532
096/006	532
205/626	533
204/278	533
106/724	534
106/725	534
106/640	534
106/643	534
588/003	534
166/302	535
210/620	536
166/053	537
702/012	537
210/605	538
210/631	538
166/057	539
166/064	540
166/263	541
166/300	542
210/718	543
210/724	543
210/750	543
210/903	543
210/906	543
405/270	544
405/129.95	544
405/302.7	544
166/250.12	545
435/262	546
435/262.5	546
210/610	546
166/302	547
405/129.25	548
588/249	548
405/129.95	548
210/650	549
210/321.79	549
210/321.8	549
210/416.1	549
210/620	550
210/758	550
210/759	550
210/763	550
210/908	550
588/001	550
525/061	550
528/480	550
166/066.5	551
210/743	552
210/757	552
210/758	552
210/804	552
210/259	552
210/202	552
210/206	552
210/096.1	552
435/262	553
588/205	553
435/290.1	553
210/626	554
405/229	555
405/270	555
405/271	555
405/284	556
052/020	557
052/079.1	557
052/136	557
405/041	557
405/136	557
203/011	558
203/024	558
203/026	558
203/001	558
203/023	558
203/DIG.17	558
203/DIG.25	558
202/182	558
202/172	558
202/205	558
159/024.1	558
159/044	558
159/DIG.16	558
166/303	559
166/265	559
210/169	560
029/426.4	561
552/625	562
210/656	562
210/624	563
210/626	563
210/195.4	563
210/256	563
210/262	563
210/197	563
210/163	564
210/170	564
134/001	565
134/007	565
134/010	565
134/111	565
134/184	565
134/201	565
451/036	565
451/104	565
210/739	566
700/121	566
705/007	566
210/749	566
700/266	566
700/273	566
210/257.1	567
422/186.21	568
422/186.22	568
422/186.23	568
422/186.26	568
422/186.27	568
204/164	568
204/165	568
204/168	568
210/718	569
210/724	569
210/727	569
264/141	570
264/918	570
264/920	570
435/262.5	571
435/264	571
071/011	571
405/129.95	572
405/129.2	572
405/128.25	572
405/229	573
405/302.6	573
052/DIG.9	573
210/799	574
588/253	575
210/610	576
210/149	576
210/205	576
210/638	577
210/651	577
210/758	577
210/763	577
210/691	578
210/620	579
062/532	580
106/772	581
106/038.9	581
210/620	582
210/768	583
110/345	584
588/205	584
405/129.75	585
210/170	585
210/742	586
241/021	587
241/101.2	587
166/305.1	588
405/129.15	588
405/053	588
241/099	589
241/606	589
501/072	590
501/066	590
800/295	591
800/320	591
060/775	592
060/039.55	592
210/621	593
210/626	593
405/129.95	594
405/129.27	594
405/129.25	594
405/129.28	594
210/602	594
210/620	595
210/620	596
210/634	597
210/639	597
210/670	597
210/676	597
210/677	597
210/774	597
422/245.1	598
700/090	599
700/097	599
705/007	599
345/965	599
210/609	600
210/620	601
210/620	602
210/151	603
037/307	604
702/030	605
700/266	605
705/001	605
037/317	606
707/517	606
707/530	606
210/602	607
210/739	608
210/650	608
210/660	608
210/702	608
210/748	608
205/626	609
204/252	609
210/620	610
210/170	610
210/636	611
210/639	611
210/641	611
210/651	611
210/721	611
210/722	611
210/724	611
210/760	611
210/806	611
210/739	612
210/808	612
210/170	612
210/097	612
210/151	613
210/121	613
210/170	613
210/206	613
210/207	613
210/220	613
210/260	613
210/532.2	613
137/576	613
210/605	614
210/656	615
210/198.2	615
062/188	616
062/093	616
588/256	617
588/236	617
405/128.75	617
277/314	618
210/605	619
210/615	619
210/616	619
210/621	619
210/626	619
210/903	619
210/151	619
062/291	620
062/093	620
210/151	621
210/096.1	621
210/097	621
210/199	621
210/220	621
210/610	621
210/621	621
210/631	622
210/705	622
210/709	622
210/724	622
210/743	622
210/195.1	622
210/712	622
210/199	622
210/202	622
423/483	623
423/490	623
423/158	623
210/163	624
210/198.1	625
210/117	625
052/582.1	626
052/583.1	626
052/586.1	626
052/586.2	626
052/589.1	626
052/590.1	626
052/590.2	626
052/591.5	626
422/026	627
422/295	627
422/307	627
034/236	627
134/031	627
134/011	627
134/022.15	627
134/042	627
428/129	628
210/605	629
405/129.55	630
405/129.6	630
405/267	630
210/616	631
210/759	632
210/766	632
210/768	632
210/774	632
428/332	633
428/333	633
428/351	633
210/263	634
210/606	635
210/611	635
210/616	635
210/631	635
210/632	635
435/177	635
435/180	635
435/182	635
210/616	636
210/151	636
373/060	637
373/082	637
373/108	637
205/743	637
175/011	637
606/046	638
210/748	639
210/758	639
210/188	639
210/205	639
065/134.3	640
065/134.8	640
501/065	640
501/066	640
501/077	640
588/012	640
210/121	641
210/220	641
405/129.2	642
405/129.25	642
405/128.15	642
405/128.5	642
106/097	642
210/752	642
588/256	643
405/129.25	643
405/129.65	643
405/129.95	643
588/252	643
588/259	643
210/603	644
210/605	644
210/617	644
210/719	645
210/721	645
210/723	645
210/724	645
210/726	645
210/757	645
210/758	645
210/767	645
210/806	645
210/602	646
210/603	646
210/610	646
210/631	646
210/912	646
435/262.5	646
423/140	646
423/153	646
423/DIG.1	646
423/DIG.17	646
210/137	647
210/205	647
210/221.2	647
210/199	647
134/170	647
134/171	647
210/603	648
210/631	648
210/757	648
210/803	648
210/804	648
210/605	649
614/903	649
614/906	649
210/626	650
210/195.4	650
210/207	650
210/256	650
210/262	650
219/121.37	651
219/121.43	651
210/732	652
210/800	652
210/808	652
210/533	652
210/536	652
210/537	652
210/123	652
210/136	652
210/241	652
210/119	652
405/218	653
405/205	653
405/210	653
405/224	653
114/256	653
422/277	654
422/255	654
422/261	654
422/276	654
210/638	655
210/634	655
210/642	655
210/660	655
210/687	655
405/015	655
405/258	655
166/290	656
166/289	656
166/177.4	656
210/605	657
210/613	657
210/614	657
210/625	657
210/903	657
604/024	658
604/049	658
128/898	658
422/045	658
210/754	659
134/029	659
134/170	659
261/122	659
043/131	660
424/078	660
424/083	660
424/222	660
424/224	660
424/288	660
424/300	660
159/047.1	661
405/203	661
405/211	661
405/195.1	661
405/036	662
405/039	662
405/043	662
405/045	662
405/047	662
060/495	663
415/001	663
426/513	664
425/279	664
426/512	664
405/114	665
405/016	666
405/025	666
405/302.4	666
428/015	666
405/126	667
405/125	667
264/299	667
405/124	667
405/077	668
405/114	669
405/107	669
405/016	669
405/284	669
426/119	670
206/521.1	670
206/521.8	670
206/499	670
206/503	670
264/163	670
405/198	671
405/196	671
405/199	671
405/031	672
405/107	673
052/295	674
052/742.14	674
405/043	675
210/164	675
404/002	675
405/119	675
405/045	676
264/036.22	677
264/035	677
264/036.18	677
264/309	678
425/447	678
244/118.1	679
029/428	679
244/129.3	679
244/129.1	679
244/123.1	679
244/118.5	679
264/250	679
405/045	680
405/036	680
383/038	681
220/500	681
029/428	681
405/210	682
114/257	682
405/062	683
405/079	684
507/269	685
264/610	685
425/006	685
404/025	686
220/831	686
220/836	686
052/020	686
175/325.2	687
405/251	688
405/250	688
405/253	688
405/255	688
083/054	689
083/178	689
083/184	689
405/274	690
206/006	691
137/001	691
405/096	692
405/087	692
405/092	692
405/100	692
264/314	693
264/313	693
264/319	693
264/554	693
264/DIG.500	693
425/389	693
425/405.1	693
425/DIG.190	693
405/077	694
210/170.3	695
210/170.7	695
405/038	695
405/043	695
405/050	695
137/001	696
138/177	696
148/400	697
106/038.9	697
106/038.3	697
106/038.35	697
523/143	697
523/148	697
164/044	697
164/131	697
148/400	698
106/038.9	698
106/038.3	698
106/038.35	698
523/143	698
523/148	698
164/044	698
164/131	698
148/400	699
106/038.2	699
523/142	699
523/139	699
164/040	699
164/132	699
405/302.6	700
405/302.7	700
405/015	700
405/030	701
405/021	701
405/025	701
119/221	701
119/234	701
119/238	701
210/170.3	702
290/044	703
290/055	703
405/224	703
405/205	703
405/195.1	703
264/101	704
425/385	704
405/288	705
405/302.2	705
405/016	706
404/025	707
052/309.1	708
052/747.1	708
052/745.9	708
052/745.2	708
052/314	708
249/016	708
156/290	709
264/263	709
264/154	709
405/111	710
405/284	711
405/286	711
405/101	712
405/094	712
210/170.1	712
425/072.2	713
425/007	713
425/192.S	713
425/083.1	713
425/131.5	713
425/378.2	713
264/555	713
264/210.8	713
429/035	714
501/014	714
264/662	714
405/045	715
220/810	716
052/020	716
210/747	717
210/170.3	717
264/211.14	718
425/072.2	718
405/200	719
405/224.2	719
210/170.7	720
210/448	720
210/454	720
210/461	720
210/463	720
210/484	720
210/497.3	720
405/031	720
405/043	720
405/284	720
425/006	721
277/642	722
264/299	722
052/314	723
264/232	723
052/169.13	724
052/630	724
052/300	724
052/741.13	724
052/745.19	724
052/309.1	724
405/096	725
405/108	725
405/302.6	726
606/095	727
606/099	727
623/023.48	727
623/023.63	727
264/255	727
264/268	727
264/328.2	727
264/328.7	727
264/330	727
425/387.1	728
264/322	728
404/025	729
052/019	729
405/021	730
405/029	731
052/020	732
052/019	732
052/021	732
428/220	733
264/308	733
428/492	733
405/043	734
264/109	735
524/404	735
264/145	735
173/184	736
375/240.16	737
375/240.24	737
404/025	738
405/092	739
405/216	740
425/390	741
425/389	741
425/405.1	741
425/411	741
425/444	741
101/016	741
405/023	742
404/025	743
405/276	744
405/284	744
280/743.1	745
442/076	745
264/293	745
405/216	746
405/211	746
052/079.9	747
264/314	748
425/388	748
405/224	749
114/264	749
175/020	750
175/058	750
175/249	750
073/864.51	750
073/864.64	750
073/864.91	750
114/059	751
405/195.1	751
405/224.4	752
405/224.2	752
405/223.1	752
264/255	753
264/310	753
175/020	754
175/058	754
175/226	754
073/864.51	754
073/864.91	754
405/121	755
405/118	755
405/049	755
405/118	756
405/119	756
405/121	756
405/270	756
052/122.1	757
052/745.8	758
052/745.7	758
052/745.13	758
052/745.19	758
052/086	758
052/089	758
052/169.14	758
052/245	758
052/247	758
052/259	758
052/080.1	758
052/747.1	758
264/031	758
264/032	758
264/033	758
264/069	758
264/071	758
264/263	758
264/257	758
029/281.4	758
114/264	759
264/250	760
405/274	761
405/272	761
405/036	762
405/039	762
405/049	762
405/118	762
405/120	762
405/121	762
404/002	762
210/170	762
210/747	762
405/274	763
405/272	763
405/278	763
405/274	764
428/174	765
264/309	765
264/257	765
210/503	766
037/466	767
425/146	768
405/121	769
405/118	769
405/150.1	769
405/184.2	769
175/058	770
175/020	770
175/249	770
118/620	771
405/050	772
405/276	773
405/031	773
405/015	773
405/302.6	773
405/281	773
052/079.1	774
052/079.14	774
114/258	775
405/118	776
405/146	776
405/150.1	776
405/184.2	776
405/121	776
210/170	776
210/747	776
264/635	777
405/021	778
405/030	778
405/275	778
405/286	778
405/302.6	779
405/302.7	779
405/015	779
405/021	779
299/031	780
405/288	780
249/091	781
249/097	781
249/183	781
405/036	782
405/039	782
404/002	782
210/170	782
405/195.1	783
405/121	784
405/118	784
405/270	784
405/205	785
405/200	785
405/124	786
014/024	786
175/020	787
175/058	787
405/203	788
405/224	788
405/036	789
405/039	789
405/049	789
405/118	789
405/120	789
405/121	789
404/002	789
210/170	789
210/747	789
405/270	790
405/084	790
405/090	790
428/304.4	791
264/162	791
264/299	791
405/016	792
014/028	792
014/073	792
405/023	792
405/017	792
052/169.12	793
264/040.4	794
405/115	795
405/107	795
405/091	795
405/110	795
052/302.1	796
052/409	796
405/204	797
405/205	797
405/206	797
405/016	798
014/023	798
014/073	798
405/017	798
405/023	798
294/112	799
294/066.1	799
405/204	800
405/203	800
405/016	801
014/028	801
014/073	801
405/017	801
405/023	801
405/052	802
405/032	803
405/031	803
405/285	803
405/302.6	804
405/015	804
405/202	805
405/205	805
264/156	806
425/290	806
114/065.A	807
114/077.R	807
114/263	807
405/015	807
249/091	808
405/107	809
405/113	809
405/114	809
405/284	810
405/285	810
405/286	810
405/031	810
405/284	811
405/284	812
405/302.6	812
405/209	813
405/204	813
405/205	813
114/259	813
264/333	814
264/334	814
425/261	814
425/453	814
405/097	815
405/087	815
405/092	815
405/104	815
405/114	815
264/107	816
427/130	816
442/306	817
442/304	817
428/034.5	817
264/045.2	818
264/046.5	818
264/046.6	818
264/046.9	818
264/314	818
159/047.1	819
405/203	819
405/211	819
405/195.1	819
405/016	820
405/025	820
405/302.4	820
428/015	820
405/198	821
405/196	821
405/199	821
405/031	822
405/210	823
114/257	823
405/062	824
210/747.5	825
210/170.01	825
405/274	826
206/006	827
137/001	827
264/314	828
264/313	828
264/319	828
264/554	828
264/DIG.500	828
425/389	828
425/405.1	828
425/DIG.190	828
405/030	829
405/021	829
405/025	829
119/221	829
119/234	829
119/238	829
290/044	830
290/055	830
405/224	830
405/205	830
405/195.1	830
405/111	831
405/284	832
405/286	832
405/033	833
405/016	833
405/200	834
405/224.2	834
210/170.7	835
210/448	835
210/454	835
210/461	835
210/463	835
210/484	835
210/497.3	835
405/031	835
405/043	835
405/284	835
405/015	836
210/143	837
210/177	837
210/198.1	837
210/242.3	837
210/923	837
015/321	837
134/198	837
062/052.1	837
062/123	837
062/293	837
052/169.13	838
052/630	838
052/300	838
052/741.13	838
052/745.19	838
052/309.1	838
114/050	839
405/204	839
210/198.1	840
210/923	840
405/029	841
238/084	842
524/423	842
238/001	842
405/231	842
405/018	843
405/016	843
405/017	843
405/033	843
405/216	844
405/023	845
405/216	846
405/211	846
405/204	847
264/314	848
425/388	848
405/224	849
114/264	849
114/059	850
405/195.1	850
405/224.4	851
405/224.2	851
405/223.1	851
405/030	852
405/021	852
405/025	852
119/221	852
119/234	852
119/238	852
114/264	853
405/274	854
405/272	854
405/274	855
405/272	855
405/278	855
405/274	856
405/227	857
405/228	857
405/203	857
405/031	858
405/021	858
405/015	858
405/195.1	858
405/050	859
405/276	860
405/031	860
405/015	860
405/302.6	860
405/281	860
294/112	861
294/066.1	861
114/230.1	862
405/001	862
405/302.6	863
405/302.7	863
405/015	863
405/021	863
405/015	864
405/016	864
405/019	864
405/021	864
405/064	864
405/107	864
052/606	864
405/195.1	865
405/205	866
405/200	866
405/203	867
405/224	867
405/016	868
014/028	868
014/073	868
405/023	868
405/017	868
405/115	869
405/107	869
405/091	869
405/110	869
405/016	870
405/018	870
405/284	870
052/582.1	870
052/589.1	870
405/204	871
405/205	871
405/206	871
405/016	872
014/023	872
014/073	872
405/017	872
405/023	872
294/112	873
294/066.1	873
405/195.1	874
405/228	874
405/204	875
405/203	875
405/016	876
014/028	876
014/073	876
405/017	876
405/023	876
405/032	877
405/031	877
405/285	877
405/302.6	878
405/015	878
405/202	879
405/205	879
264/156	880
425/290	880
114/065.A	881
114/077.R	881
114/263	881
405/015	881
405/284	882
405/285	882
405/286	882
405/031	882
405/284	883
405/209	884
405/204	884
405/205	884
114/259	884
405/216	885
405/211.1	885
405/212	885
024/462	885
052/590.3	885
052/592.4	885
114/382	886
405/284	887
405/286	887
405/272	887
052/608	887
403/070	887
405/218	888
405/205	888
405/210	888
405/224	888
114/256	888
405/033	889
405/021	889
405/030	889
405/204	890
405/209	890
405/281	891
405/274	891
405/276	891
037/345	892
405/224	892
114/296	892
405/021	893
405/015	893
405/016	893
405/033	893
405/020	893
405/227	894
405/195.1	894
405/202	894
405/223.1	895
405/195.1	895
405/224	895
166/359	895
411/535	895
264/040.5	896
264/232	896
264/348	896
405/197	897
405/224	897
405/227	898
405/199	898
405/211	899
405/195.1	900
166/351	900
166/367	900
405/223.1	900
405/224	900
405/198	901
405/196	901
254/112	901
405/029	902
405/016	902
405/029	903
052/608	903
405/016	903
405/021	903
405/030	903
405/274	904
405/279	904
405/016	905
405/029	905
052/608	905
D25/113	905
405/081	906
119/219	906
405/216	907
052/725	907
052/727	907
405/211	907
138/098	907
405/195.1	908
405/203	908
405/224	908
166/367	908
405/205	909
405/210	909
405/211	909
405/224.3	909
405/163	910
037/344	910
405/032	911
405/021	911
405/030	911
052/102	912
052/593	912
047/033	912
404/007	912
405/021	913
405/016	913
405/034	913
405/258	913
405/284	913
405/034	914
405/021	914
405/030	914
404/046	915
052/611	915
404/035	915
405/016	915
405/195.1	916
405/224.4	916
166/350	916
405/286	917
405/033	917
405/284	917
052/169.4	917
052/604	917
405/242	918
405/274	918
405/284	918
405/031	919
405/284	919
405/286	919
114/219	920
267/140	920
114/045	920
405/031	921
405/016	921
405/017	921
405/025	921
405/285	921
052/606	921
405/216	922
405/211	922
405/030	923
405/021	923
405/032	923
405/225	924
405/195	924
405/227	924
052/169.1	925
052/236.2	925
405/199	926
024/463	926
166/077	926
125/423	926
254/105	926
405/195	926
405/221	926
114/219	927
405/212	927
405/019	928
405/017	928
405/018	928
405/262	929
405/279	929
405/281	929
405/284	929
256/073	929
405/225	930
405/227	930
166/295	931
523/130	931
524/594	931
527/400	931
405/030	932
405/021	932
405/225	933
405/227	933
137/627	933
137/885	933
405/225	934
405/191	934
405/211	935
204/147	935
204/197	935
405/224	935
405/262	936
405/274	936
405/278	936
405/284	936
428/052	937
405/019	937
405/020	937
052/003	937
405/262	938
405/258	938
405/281	938
405/284	938
405/031	939
264/033	939
405/043	939
405/051	939
405/258	939
405/284	939
405/287	939
405/212	940
114/219	940
267/121	940
405/211	940
405/227	941
138/089	941
405/225	941
405/284	942
052/597	942
052/604	942
052/605	942
405/224	943
405/189	943
405/197	943
114/265	943
166/356	943
166/366	943
175/007	943
405/074	944
037/058	944
037/195	944
405/016	945
405/258	945
405/227	946
405/225	946
138/089	947
405/203	947
405/232	947
405/217	948
405/203	948
405/204	948
405/031	949
405/035	949
405/198	950
405/203	950
405/205	950
405/195	951
403/386	951
405/204	952
405/207	952
405/210	952
405/211	952
405/195	953
114/264	953
405/052	953
405/188	953
114/264	954
009/008.P	954
060/641.B	954
405/195	955
405/052	955
405/188	955
114/264	955
114/264	956
009/008.P	956
060/641	956
138/103	956
114/293	956
414/138	956
405/080	957
405/087	957
405/088	957
405/096	957
405/100	957
061/103	958
061/001.F	958
061/054	958
114/040	958
267/140	959
061/048	959
114/219	959
061/004	960
061/004	961
061/030	961
061/049	961
061/050	961
061/054	962
052/725	962
138/159	962
138/162	962
114/219	963
061/048	963
173/127	964
173/131	964
173/135	964
405/064	965
405/072	965
405/065	965
137/511	966
362/551	967
165/045	968
405/116	968
405/114	968
405/080	968
244/013	968
244/002	968
414/507	968
239/014.1	968
405/062	969
425/449	970
425/064	970
425/219	970
425/447	970
405/116	971
435/262	972
425/217	973
425/169	973
425/375	973
425/225	973
425/090	973
425/130	973
264/308	973
264/037.29	973
222/233	973
052/742.14	974
210/464	975
222/189.06	975
164/044	976
164/369	976
210/086	977
210/136	977
210/085	977
166/245	978
166/281	978
210/601	979
210/150	979
405/060	980
405/240	981
404/025	982
052/296	983
052/223.5	983
052/293.2	983
052/849	983
052/169.9	983
052/592.6	983
405/016	984
405/115	984
404/025	985
405/129.75	985
204/252	986
204/253	986
204/257	986
205/746	986
137/899.2	987
405/066	988
405/204	989
405/064	990
210/639	991
210/198.1	991
114/333	992
114/268	992
405/060	993
166/344	993
324/071.1	994
405/302.7	994
210/747.6	995
210/170.05	995
210/241	995
405/064	995
521/025	996
210/348	996
073/040	997
264/272.19	998
264/257	998
264/272.2	998
264/275	998
264/278	998
264/313	998
264/314	998
335/216	998
335/299	998
405/029	999
405/027	999
106/692	1000
106/638	1000
106/713	1000
106/815	1000
405/263	1000
405/062	1001
382/141	1002
382/154	1002
382/199	1002
382/286	1002
264/241	1002
264/258	1002
156/058	1002
156/064	1002
156/094	1002
356/237.1	1002
210/609	1003
210/151	1003
210/114	1003
210/298	1003
241/194	1003
034/524	1003
425/006	1003
210/668	1004
405/116	1005
106/811	1005
106/718	1005
106/790	1005
210/093	1006
210/637	1006
210/745	1006
073/036	1006
073/061.41	1006
210/241	1007
210/455	1007
117/081	1008
117/223	1008
249/078	1008
065/355	1008
405/016	1009
405/015	1009
405/017	1009
405/284	1009
052/604	1009
405/060	1010
405/114	1011
166/363	1012
405/060	1012
405/064	1013
405/205	1013
405/068	1014
405/224.2	1015
405/224	1015
210/170.05	1016
210/242.3	1016
210/705	1017
405/060	1018
210/703	1019
210/170.05	1019
210/747.6	1019
210/170.06	1019
210/237	1019
210/703	1020
405/060	1021
405/063	1022
029/428	1022
425/090	1023
405/216	1024
405/211	1024
405/302.7	1025
405/050	1025
404/027	1025
404/031	1025
210/702	1026
210/767	1026
210/770	1026
210/250	1026
210/416.1	1026
210/484	1026
210/485	1026
405/063	1027
052/514.5	1028
052/741.3	1028
052/742.16	1028
052/741.4	1028
210/617	1029
210/086	1029
404/026	1030
405/053	1030
029/402.08	1030
405/030	1031
099/295	1032
210/748.1	1032
210/354	1032
210/348	1032
210/323.1	1032
210/295	1032
210/240	1032
422/020	1032
422/024	1032
137/001	1033
138/177	1033
705/500	1034
110/342	1034
110/345	1034
299/010	1034
588/300	1034
423/235	1034
166/308.1	1034
405/053	1034
166/268	1034
075/392	1034
210/747.5	1034
405/302.6	1035
405/302.7	1035
405/015	1035
703/009	1036
703/006	1036
052/169.1	1037
052/294	1037
052/742.14	1037
052/741.11	1037
052/741.4	1037
405/063	1038
405/224	1039
156/297	1040
156/363	1040
404/002	1041
210/602	1042
210/617	1042
052/295	1043
052/296	1043
052/848	1043
405/263	1044
106/811	1044
106/718	1044
106/694	1044
114/312	1045
114/050	1045
405/302.7	1046
405/050	1046
114/331	1047
404/025	1048
264/299	1049
425/219	1049
435/262	1050
204/630	1051
204/631	1051
204/633	1051
204/634	1051
204/635	1051
204/636	1051
264/069	1052
524/004	1052
523/401	1052
405/107	1053
405/104	1054
405/107	1054
405/091	1054
405/087	1054
425/087	1055
425/458	1055
401/048	1055
435/177	1056
435/262	1056
435/289.1	1056
119/171	1056
405/019	1057
405/302.7	1057
425/397	1058
425/384	1058
425/398	1058
425/412	1058
405/014	1059
425/224	1060
404/025	1061
404/072	1061
249/001	1061
052/742.14	1061
210/141	1062
210/209	1062
210/181	1062
210/202	1062
222/001	1063
222/386	1063
222/146.1	1063
264/299	1063
427/142	1064
106/001.5	1064
062/064	1065
062/050.2	1065
062/053.2	1065
169/046	1065
128/200.24	1065
210/776	1065
423/210	1065
239/001	1065
405/130	1065
705/026	1065
073/040	1066
405/111	1067
405/101	1068
405/094	1068
210/170.1	1068
425/388	1069
166/271	1070
405/053	1070
264/318	1071
249/175	1071
073/040	1072
405/184.1	1072
405/173	1072
405/210	1072
073/863.23	1072
073/864	1072
501/142	1073
501/141	1073
202/167	1074
210/602	1075
210/170.3	1075
405/274	1076
405/279	1076
073/040	1077
405/252	1078
405/315	1078
210/198.1	1079
210/338	1079
210/748	1079
055/476	1079
210/650	1080
210/512.1	1081
210/788	1081
209/715	1081
209/719	1081
209/727	1081
209/734	1081
166/075.11	1081
055/459.1	1081
405/232	1082
404/002	1083
442/181	1083
442/195	1083
442/239	1083
210/096.1	1084
210/257.1	1084
210/198.1	1084
210/258	1084
523/132	1085
210/734	1085
427/136	1085
405/038	1085
047/058.1SE	1085
052/103	1086
052/741.15	1086
052/167.7	1086
210/143	1087
210/177	1087
210/198.1	1087
210/242.3	1087
210/923	1087
015/321	1087
134/198	1087
062/052.1	1087
062/123	1087
062/293	1087
422/028	1088
422/024	1088
422/292	1088
073/038	1088
073/040	1088
405/087	1089
210/138	1090
210/170.1	1090
210/170.11	1090
264/621	1091
264/166	1091
033/515	1092
405/302.6	1093
422/186.12	1094
210/093	1095
405/117	1096
405/270	1096
405/271	1096
404/110	1096
209/910	1096
203/011	1097
202/180	1097
134/001	1098
422/001	1098
426/335	1098
422/020	1098
422/022	1098
422/024	1098
422/186.3	1098
422/292	1098
422/127	1098
134/115.R	1098
134/198	1098
588/260	1099
256/013.1	1100
052/297	1100
702/150	1101
382/141	1101
700/159	1101
073/776	1102
029/025.35	1102
310/338	1102
427/133	1102
405/107	1103
210/170.8	1104
210/532.2	1104
405/043	1104
062/285	1105
210/123	1105
405/087	1106
405/107	1106
405/100	1106
203/088	1107
210/773	1107
261/075	1107
261/108	1107
261/109	1107
202/197	1107
210/143	1108
210/175	1108
210/282	1108
210/232	1108
210/248	1108
264/241	1109
210/763	1110
137/312	1111
264/299	1111
264/135	1111
164/028	1112
249/061	1112
249/184	1112
425/005	1113
425/112	1113
425/326.1	1113
425/425	1113
425/446	1113
264/004	1113
220/571	1114
137/313	1114
405/120	1114
405/122	1114
220/666	1114
220/004.28	1114
210/747	1115
210/170.7	1115
405/128.45	1115
405/129.65	1115
501/142	1116
588/313	1116
588/318	1116
501/141	1116
428/292.1	1117
264/104	1117
264/163	1117
264/240	1117
264/517	1117
425/380	1117
210/167.22	1118
210/167.25	1118
210/151	1118
210/201	1118
210/259	1118
119/260	1118
210/742	1119
210/117	1119
210/142	1119
404/025	1120
404/048	1120
404/073	1120
405/092	1121
114/355	1122
405/026	1122
440/113	1122
405/036	1123
405/241	1124
405/256	1124
405/216	1125
405/211	1125
264/320	1126
425/164	1126
134/010	1127
210/257.1	1127
210/532.1	1127
210/460	1127
134/109	1127
134/022.1	1127
405/302.6	1128
703/009	1129
405/068	1130
405/063	1130
405/115	1131
405/023	1131
210/167.22	1132
210/167.25	1132
119/259	1132
264/268	1133
264/273	1133
264/275	1133
428/119	1133
428/134	1133
210/282	1134
052/169.5	1135
174/077.R	1136
210/708	1137
405/019	1138
405/302.4	1138
210/170.3	1138
425/005	1139
425/804	1139
053/454	1139
053/239	1139
053/449	1139
053/474	1139
114/053	1140
414/137.3	1140
210/608	1141
405/053	1142
405/052	1142
047/048.5	1143
405/063	1144
405/211	1144
047/048.5	1145
404/129	1146
172/606	1146
422/028	1147
425/449	1148
425/447	1148
249/131	1148
249/156	1148
249/158	1148
249/161	1148
422/028	1149
422/024	1149
422/292	1149
073/038	1149
073/040	1149
604/004.1	1150
604/005.1	1150
210/647	1150
210/739	1150
210/744	1150
210/085	1150
210/087	1150
210/097	1150
210/321.71	1150
210/321.72	1150
435/262	1151
435/041	1151
435/170	1151
363/021.1	1152
363/034	1152
052/415	1153
052/309.8	1154
052/408	1154
052/309.12	1154
052/302.1	1154
052/403.1	1154
405/129.5	1155
047/048.5	1156
405/053	1156
405/043	1156
210/170	1156
047/032.7	1156
047/079	1156
047/001.1F	1156
210/747	1157
210/170	1157
405/128.45	1157
405/129.2	1157
204/252	1158
204/242	1158
204/263	1158
405/020	1159
405/302.6	1159
405/015	1159
405/087	1160
405/302.6	1161
405/021	1161
405/107	1161
405/115	1161
210/170	1161
210/747	1161
204/164	1162
422/186	1162
210/164	1163
210/266	1163
210/282	1163
210/283	1163
210/284	1163
405/025	1164
405/021	1164
405/035	1164
521/040	1165
405/284	1166
405/286	1166
052/596	1166
210/673	1167
405/100	1168
052/020	1169
052/021	1169
052/169.7	1169
052/169.6	1169
210/198.1	1170
210/748	1170
210/175	1170
210/248	1170
210/232	1170
210/282	1170
210/202	1170
210/257.1	1170
210/259	1170
405/286	1171
405/284	1171
405/262	1171
363/021.1	1172
363/034	1172
210/512.1	1173
166/075.11	1173
425/447	1174
210/290	1175
210/646	1176
405/150.1	1177
405/146	1177
405/150.2	1177
405/270	1177
264/032	1177
210/744	1178
210/800	1178
210/804	1178
210/805	1178
210/085	1178
210/097	1178
210/187	1178
210/299	1178
210/320	1178
210/521	1178
210/540	1178
405/053	1179
405/052	1179
210/791	1180
405/020	1181
405/302.6	1181
405/015	1181
047/032.7	1182
422/186.07	1183
422/186.18	1183
405/302.6	1184
405/115	1184
405/107	1184
405/021	1184
264/223	1185
264/069	1185
264/220	1185
264/222	1185
405/108	1186
405/114	1186
204/630	1187
204/648	1187
405/146	1188
405/132	1188
405/150.1	1188
702/168	1189
073/304.C	1189
095/014	1189
210/086	1189
210/742	1189
340/521	1189
702/055	1189
702/188	1189
606/197	1190
446/015	1191
446/267	1191
264/162	1192
524/068	1192
524/439	1192
524/442	1192
264/349	1192
264/320	1192
264/322	1192
156/094	1192
106/287.35	1192
264/162	1193
264/333	1193
264/293	1193
425/385	1193
425/403.1	1193
425/343	1193
363/021.01	1194
422/028	1195
210/683	1196
210/639	1197
210/636	1197
210/652	1197
210/745	1197
436/164	1197
436/172	1197
366/081	1198
366/090	1198
053/453	1199
210/300	1200
209/158	1200
210/314	1200
210/323.1	1200
405/129.25	1201
405/129.45	1201
405/129.5	1201
405/128.75	1201
210/744	1202
210/800	1202
210/187	1202
210/538	1202
210/104	1202
363/021.1	1203
363/034	1203
361/503	1204
405/052	1205
141/059	1205
405/128.15	1205
405/154.1	1205
405/015	1206
405/107	1206
405/114	1206
422/022	1207
372/005	1207
604/020	1207
052/519	1208
052/518	1208
405/063	1209
441/065	1209
405/070	1209
405/063	1210
405/064	1210
405/070	1210
210/923	1210
210/652	1211
210/745	1211
436/164	1211
436/172	1211
363/131	1212
521/082	1213
204/630	1214
205/634	1214
205/636	1214
052/514	1215
141/192	1216
141/094	1216
404/025	1217
702/055	1218
405/016	1219
014/028	1219
014/073	1219
405/023	1219
405/017	1219
264/162	1220
264/319	1220
264/333	1220
425/289	1220
425/291	1220
425/307	1220
106/724	1221
106/725	1221
106/640	1221
106/643	1221
588/003	1221
405/115	1222
405/170	1222
405/270	1223
405/129.95	1223
405/302.7	1223
052/169.12	1224
128/200.14	1225
424/600	1225
405/063	1226
405/070	1226
052/900	1227
052/169.14	1227
052/169.5	1227
405/116	1228
405/107	1228
405/117	1228
405/270	1228
405/302.7	1228
062/285	1229
062/094	1229
204/515	1230
205/766	1230
210/090	1231
210/110	1231
210/134	1231
210/137	1231
210/194	1231
210/257.1	1231
210/257.2	1231
073/038	1231
073/040	1231
222/189.06	1231
222/189.11	1231
405/115	1232
405/107	1232
405/091	1232
405/110	1232
119/219	1233
405/081	1233
119/220	1233
405/080	1233
210/097	1234
210/120	1234
210/150	1234
210/205	1234
210/260	1234
210/603	1234
210/617	1234
428/198	1235
428/188	1235
428/215	1235
428/314.4	1235
428/317.1	1235
428/317.5	1235
428/319.3	1235
363/021.1	1236
363/034	1236
405/080	1237
405/040	1237
405/078	1237
405/107	1237
405/124	1237
210/170	1237
210/747	1237
604/004.1	1238
604/118	1238
604/122	1238
604/149	1238
210/090	1238
210/646	1238
210/739	1238
210/741	1238
405/016	1239
014/023	1239
014/073	1239
405/017	1239
405/023	1239
264/032	1240
249/090	1240
060/645	1241
060/670	1241
210/603	1242
052/020	1243
210/799	1244
405/015	1245
405/036	1245
405/107	1245
405/302.6	1245
210/651	1246
210/085	1246
210/103	1246
210/106	1246
210/195.2	1246
210/252	1246
210/257.1	1246
210/257.2	1246
210/258	1246
210/321.6	1246
210/645	1246
210/646	1246
210/650	1246
210/767	1246
210/739	1246
210/805	1246
363/037	1247
604/004.01	1248
249/061	1249
249/117	1249
383/108	1249
383/901	1249
062/066	1249
249/119	1249
210/170	1250
210/620	1251
405/016	1252
014/028	1252
014/073	1252
405/017	1252
405/023	1252
156/045	1253
156/039	1253
156/246	1253
524/589	1254
361/302	1255
405/017	1256
405/019	1256
422/128	1257
210/542	1257
210/748	1257
588/205	1258
062/124	1259
062/292	1259
604/006.16	1260
604/004.01	1260
210/258	1260
363/021.1	1261
363/034	1261
404/075	1262
052/514	1262
052/514.5	1262
052/746.1	1262
210/652	1263
210/638	1263
052/747.12	1264
405/016	1264
405/052	1264
405/262	1264
114/065.A	1265
114/077.R	1265
114/263	1265
405/015	1265
202/185.1	1266
202/186	1266
202/189	1266
202/190	1266
202/197	1266
202/202	1266
203/010	1266
203/040	1266
604/004.01	1267
210/645	1267
210/259	1267
210/170	1268
210/656	1269
210/198.2	1269
405/036	1270
363/021.01	1271
062/530	1272
062/457.2	1272
405/228	1273
173/131	1273
405/080	1274
405/129.5	1275
405/129.95	1275
405/129.5	1276
062/285	1277
405/129.55	1278
405/129.6	1278
405/267	1278
373/060	1279
373/082	1279
373/108	1279
205/743	1279
175/011	1279
604/006.09	1280
604/006.11	1280
438/127	1281
257/701	1281
257/787	1281
425/116	1281
425/117	1281
425/394	1281
363/021.1	1282
363/034	1282
405/017	1283
405/016	1283
052/607	1283
052/747.12	1283
052/586.1	1283
405/111	1284
405/115	1284
052/101	1285
047/121	1285
047/132	1285
047/133	1285
202/176	1286
004/114.1	1286
004/144.1	1286
004/459	1286
159/016.1	1286
159/901	1286
159/905	1286
159/DIG.8	1286
202/197	1286
202/200	1286
202/202	1286
202/205	1286
202/238	1286
203/010	1286
203/040	1286
203/041	1286
203/049	1286
203/091	1286
203/DIG.4	1286
203/DIG.5	1286
203/100	1286
210/645	1286
210/766	1286
210/767	1286
210/758	1287
210/232	1287
426/067	1287
405/107	1288
405/052	1288
405/270	1288
405/109	1288
210/104	1289
210/188	1289
210/257.1	1289
210/521	1289
210/539	1289
210/540	1289
166/267	1289
166/075.12	1289
588/002	1290
588/315	1290
502/406	1291
210/660	1291
502/400	1291
502/416	1291
502/414	1291
502/407	1291
405/264	1291
210/719	1292
210/721	1292
210/720	1292
210/757	1292
210/758	1292
210/759	1292
210/724	1292
210/767	1292
165/104.28	1293
210/321.6	1293
210/243	1293
261/003	1293
159/016.2	1294
210/192	1295
210/710	1296
210/170.09	1296
210/170.05	1296
210/747.4	1297
210/757	1297
210/747.8	1297
210/747.4	1298
210/757	1298
210/747.8	1298
210/747.1	1298
423/210	1299
423/648.1	1299
422/004	1299
422/005	1299
422/120	1299
422/121	1299
422/122	1299
422/129	1299
210/600	1299
588/300	1299
588/301	1299
204/157.15	1299
204/164	1299
204/252	1300
204/253	1300
204/257	1300
205/746	1300
210/747.4	1301
210/173	1301
405/129.95	1302
210/637	1303
210/644	1303
210/641	1303
210/639	1303
210/259	1303
210/182	1303
210/202	1303
261/123	1304
261/124	1304
261/126	1304
210/101	1304
210/109	1304
210/137	1304
210/218	1304
210/220	1304
165/104.13	1305
165/104.31	1305
075/343	1306
422/186	1306
204/157.15	1306
205/687	1306
204/157.46	1306
977/840	1306
210/738	1307
210/210	1307
435/262	1308
423/210	1309
423/648.1	1309
422/004	1309
422/005	1309
422/120	1309
422/121	1309
422/122	1309
422/129	1309
210/600	1309
588/300	1309
588/301	1309
204/157.15	1309
204/164	1309
210/631	1310
210/295	1310
405/128.25	1311
427/136	1312
095/090	1312
210/660	1312
110/255	1312
048/197.R	1312
405/129.95	1312
172/001	1312
048/197.R	1313
048/201	1313
048/209	1313
048/210	1313
048/197.A	1313
252/373	1313
423/650	1313
423/651	1313
210/605	1314
210/151	1314
210/705	1315
210/693	1316
210/242.4	1316
210/605	1317
210/610	1317
210/137	1317
405/128.1	1317
210/748.02	1318
210/198.1	1318
405/129.95	1319
405/129.9	1319
405/129.45	1319
210/720	1320
210/198.1	1320
210/719	1320
210/192	1320
405/128.45	1321
111/014	1321
423/351	1322
423/658.2	1322
422/186	1322
422/127	1322
204/157.46	1322
205/432	1322
204/157.42	1322
204/157.41	1322
204/157.44	1322
166/369	1323
210/747.5	1324
210/767	1324
405/128.1	1324
405/016	1324
404/044	1324
705/500	1325
110/342	1325
110/345	1325
299/010	1325
588/300	1325
423/235	1325
166/308.1	1325
405/053	1325
166/268	1325
075/392	1325
210/747.5	1325
210/696	1326
071/012	1326
210/716	1326
210/724	1326
210/747	1326
210/764	1326
210/906	1326
210/912	1326
210/916	1326
405/129.25	1326
210/709	1327
210/719	1327
210/721	1327
210/724	1327
210/747	1327
210/759	1327
210/906	1327
210/908	1327
210/912	1327
405/129.95	1328
095/158	1329
203/032	1329
210/682	1330
588/313	1330
588/319	1330
588/320	1330
502/406	1330
210/681	1330
210/683	1330
210/688	1330
210/502.1	1330
405/129.95	1331
210/756	1332
210/764	1332
514/476	1332
514/561	1332
424/405	1332
210/666	1333
210/770	1333
423/402	1334
423/351	1334
423/400	1334
405/129.2	1335
166/369	1336
166/105	1336
210/721	1337
210/758	1337
210/170.7	1337
210/747	1337
210/192	1337
588/306	1338
422/186	1338
204/158.2	1338
210/748.16	1338
405/128.7	1338
405/129.95	1339
366/137.1	1339
435/177	1340
435/262	1340
435/289.1	1340
119/171	1340
210/102	1341
210/295	1341
210/259	1341
210/266	1341
435/165	1342
162/174	1342
568/840	1342
536/001.11	1342
162/055	1342
536/124	1342
426/074	1342
426/479	1342
426/495	1342
210/768	1342
210/770	1342
210/609	1342
062/064	1343
062/050.2	1343
062/053.2	1343
169/046	1343
128/200.24	1343
210/776	1343
423/210	1343
239/001	1343
405/130	1343
705/026	1343
210/668	1344
210/790	1344
210/748.1	1344
210/695	1344
210/261	1344
405/129.95	1345
210/683	1346
210/688	1346
205/742	1347
205/751	1347
204/275.1	1347
204/276	1347
405/129.9	1348
405/284	1348
588/252	1349
210/605	1350
210/170.8	1350
405/129.9	1351
405/129.95	1351
052/124.1	1351
052/125.2	1351
210/652	1352
166/075.11	1352
166/105	1352
166/265	1352
166/267	1352
210/137	1352
210/167.1	1352
210/195.1	1352
210/195.2	1352
210/257.1	1352
210/258	1352
210/321.66	1352
210/747	1352
210/805	1352
210/806	1352
210/257.2	1352
210/321.65	1352
210/739	1352
417/053	1352
417/076	1352
417/087	1352
417/151	1352
417/244	1352
405/129.15	1353
241/283	1353
210/614	1354
210/630	1354
210/631	1354
210/143	1354
210/205	1354
210/903	1354
435/262	1355
210/603	1355
435/290.4	1355
588/020	1356
210/170.1	1356
048/127.7	1357
048/197.R	1357
048/209	1357
210/758	1358
435/262.5	1358
210/138	1359
210/170.1	1359
210/170.11	1359
405/129.95	1360
405/129.5	1360
210/607	1361
210/170.3	1361
210/620	1362
210/621	1362
210/622	1362
210/630	1362
210/631	1362
210/652	1363
210/639	1363
210/723	1363
210/752	1363
210/753	1363
210/754	1363
435/293.1	1364
588/412	1365
241/065	1365
241/068	1365
110/259	1365
110/203	1365
210/689	1366
604/367	1366
602/043	1366
588/249	1366
521/151	1366
521/068	1366
422/028	1367
422/001	1367
422/184.1	1367
241/027	1367
210/607	1368
210/096.1	1368
405/129.1	1369
241/025	1369
241/024.1	1369
405/129.2	1369
405/129.95	1369
210/650	1370
210/321.84	1370
428/098	1370
428/188	1370
210/684	1371
521/030	1371
210/603	1372
435/289.1	1372
210/126	1372
210/134	1372
210/137	1372
210/609	1372
210/614	1372
210/601	1372
210/615	1372
210/607	1373
210/609	1373
210/614	1373
210/631	1373
210/709	1373
210/710	1373
210/724	1373
210/726	1373
210/764	1373
210/769	1373
210/906	1373
210/912	1373
210/916	1373
048/197.A	1373
210/630	1374
435/287.1	1374
435/286.1	1374
044/311	1375
210/712	1375
210/713	1375
210/170.7	1376
210/198.1	1376
210/747	1376
405/129.57	1377
405/129.85	1377
261/121.1	1378
210/600	1378
210/750	1378
405/128.75	1379
405/129.95	1380
422/030	1381
422/184.1	1381
423/645	1381
405/043	1382
405/129.85	1382
210/652	1383
204/542	1383
210/195.2	1383
210/195.3	1383
210/255	1383
210/714	1383
405/129.1	1384
588/407	1384
405/129.1	1385
588/017	1385
588/319	1385
588/407	1385
166/312	1386
166/057	1386
166/065.1	1386
166/090.1	1386
166/053	1386
405/128.4	1386
169/069	1386
210/741	1387
210/102	1387
210/143	1387
210/321.69	1387
210/739	1387
588/300	1388
588/410	1388
700/055	1388
210/719	1389
210/702	1389
210/605	1390
210/617	1390
210/151	1390
210/903	1390
405/128.75	1391
405/302.4	1392
405/302.6	1392
210/170.01	1393
034/060	1394
034/443	1394
210/708	1395
422/042	1396
422/041	1396
210/749	1396
210/925	1396
510/365	1396
510/366	1396
510/421	1396
510/422	1396
510/506	1396
510/188	1396
510/356	1396
405/128.75	1397
502/437	1397
588/315	1397
405/129.9	1398
405/129.57	1398
405/128.15	1399
405/128.1	1399
210/321.83	1400
210/321.76	1400
210/321.85	1400
588/318	1401
588/300	1401
588/400	1401
588/900	1401
588/405	1401
422/184.1	1401
422/062	1401
422/292	1401
422/307	1401
422/028	1401
204/555	1402
210/748	1402
204/571	1402
435/262	1403
071/008	1403
405/129.9	1404
210/758	1404
110/341	1405
110/229	1405
423/240.R	1405
422/188	1405
210/617	1406
210/694	1406
210/670	1406
210/678	1406
210/748	1406
210/265	1406
210/275	1406
210/733	1407
588/299	1408
588/300	1408
588/317	1408
588/318	1408
422/028	1408
422/184.1	1408
422/292	1408
210/637	1409
210/650	1409
210/652	1409
210/321.66	1409
210/170	1409
210/747	1409
210/257.2	1409
210/258	1409
166/267	1409
166/357	1409
422/184.1	1410
588/318	1410
405/302.4	1411
514/400	1412
514/642	1412
514/643	1412
514/554	1412
514/419	1412
204/252	1413
204/242	1413
204/263	1413
166/271	1414
166/268	1414
166/270	1414
166/270.2	1414
166/272.2	1414
405/129.35	1414
405/129.4	1414
405/128.7	1415
210/188	1416
405/129.95	1417
210/631	1418
366/241	1419
366/165.3	1419
366/279	1419
210/085	1420
210/143	1420
210/747	1420
210/739	1420
210/754	1420
210/266	1420
210/259	1420
210/170	1420
210/762	1421
588/316	1422
210/724	1423
210/739	1423
210/769	1423
405/129.5	1424
405/129.95	1424
405/129.85	1424
405/129.2	1425
588/252	1426
588/256	1426
588/260	1426
210/170	1427
405/129.1	1428
405/129.35	1428
405/129.45	1428
205/637	1429
205/688	1429
205/698	1429
210/603	1429
210/612	1429
210/613	1429
210/748	1430
210/646	1431
423/322	1432
210/710	1432
210/908	1432
210/532.2	1433
705/002	1434
405/129.1	1435
588/252	1436
588/252	1437
405/129.95	1438
405/129.95	1439
210/683	1440
521/025	1441
034/380	1442
405/128.8	1443
037/351	1443
588/251	1443
210/683	1444
423/055	1445
423/058	1445
210/913	1445
264/122	1446
264/109	1446
423/322	1447
210/759	1448
169/046	1449
510/513	1449
252/002	1449
405/128.5	1450
435/262	1451
435/262.5	1451
435/286.6	1451
435/287.5	1451
405/129.2	1451
405/129.5	1451
210/602	1452
210/170	1452
210/747	1452
034/443	1453
210/602	1454
423/080	1455
210/759	1456
405/129.2	1457
405/129.57	1457
405/129.1	1457
205/688	1458
204/242	1458
204/229.4	1458
210/603	1459
210/631	1459
210/188	1459
210/192	1459
422/003	1460
588/226	1460
422/062	1460
422/309	1460
422/184.1	1460
422/028	1460
210/175	1461
210/609	1461
210/603	1461
210/613	1461
405/128.5	1462
405/128.55	1462
210/739	1463
210/746	1463
210/747	1463
210/096.1	1463
405/037	1463
210/739	1464
210/096.1	1464
210/747	1464
210/746	1464
405/037	1464
405/128.5	1465
210/634	1466
210/639	1466
134/010	1466
134/040	1466
436/178	1466
210/610	1467
210/611	1467
405/129.25	1468
405/129.95	1468
405/129.95	1469
405/129.25	1469
405/129.25	1470
588/249	1470
405/129.95	1470
423/055	1471
210/747	1472
210/749	1472
210/754	1472
210/758	1472
405/037	1472
702/055	1472
405/258.1	1473
210/605	1474
210/614	1474
210/747	1474
210/139	1474
210/170	1474
210/221.2	1474
210/260	1474
210/532.1	1474
405/043	1474
405/051	1474
205/688	1475
210/170	1476
405/045	1476
588/236	1477
205/697	1478
405/129.1	1479
405/129.6	1479
405/129.75	1479
210/758	1480
585/240	1481
588/205	1481
588/201	1481
169/047	1482
169/049	1482
169/048	1482
169/046	1482
442/035	1483
442/381	1483
442/268	1483
435/262	1484
209/930	1484
241/028	1484
210/766	1485
405/129.2	1486
405/129.25	1486
405/129.45	1486
405/129.95	1487
405/128.15	1487
405/129.1	1487
405/128.7	1487
210/610	1488
210/747	1488
037/307	1489
037/317	1490
707/517	1490
707/530	1490
210/660	1491
405/129.9	1492
405/129.95	1492
405/129.45	1492
405/129.55	1492
241/023	1492
210/749	1493
210/636	1494
210/639	1494
210/641	1494
210/651	1494
210/721	1494
210/722	1494
210/724	1494
210/760	1494
210/806	1494
047/058.1	1495
047/009	1495
166/250.07	1496
166/263	1496
166/311	1496
166/312	1496
405/129.5	1496
405/129.95	1496
075/712	1497
800/295	1497
210/710	1498
210/712	1498
210/716	1498
210/723	1498
210/738	1498
210/770	1498
210/605	1499
210/151	1499
210/220	1499
210/259	1499
210/631	1499
405/129.5	1500
405/129.95	1500
210/634	1501
210/774	1501
210/747	1501
210/808	1501
175/066	1501
588/228	1502
431/002	1502
210/759	1503
210/766	1503
210/768	1503
210/774	1503
208/428	1504
208/435	1504
252/175	1505
252/184	1505
502/400	1505
210/764	1506
210/770	1506
210/790	1506
210/181	1506
588/256	1507
405/129.25	1507
405/129.65	1507
405/129.95	1507
588/252	1507
588/259	1507
702/006	1508
075/398	1509
075/399	1509
075/711	1509
210/688	1510
210/747	1510
210/912	1510
588/001	1510
588/020	1510
588/257	1511
588/252	1511
405/129	1511
210/732	1512
210/800	1512
210/808	1512
210/533	1512
210/536	1512
210/537	1512
210/123	1512
210/136	1512
210/241	1512
210/119	1512
210/605	1513
210/613	1513
210/614	1513
210/625	1513
210/903	1513
210/170.05	1514
210/170.11	1514
210/242.3	1514
210/923	1514
705/037	1515
165/045	1516
405/116	1516
405/114	1516
405/080	1516
244/013	1516
244/002	1516
414/507	1516
239/014.1	1516
405/302.4	1517
405/015	1517
405/284	1517
210/747.4	1518
405/052	1518
037/195	1518
096/155	1518
210/170.04	1518
095/260	1518
210/691	1519
210/483	1519
210/400	1519
210/416.1	1519
210/413	1519
210/184	1519
210/242.1	1519
210/660	1519
210/690	1519
441/001	1520
114/234	1520
405/060	1521
114/261	1522
114/264	1522
114/264	1523
210/708	1524
210/170.05	1525
405/061	1526
342/357.55	1527
342/463	1527
342/357.25	1527
514/044.R	1528
514/565	1528
405/063	1529
114/256	1530
114/257	1530
114/253	1530
210/170.11	1531
588/250	1532
249/001	1532
210/691	1533
210/170.01	1533
405/015	1534
405/064	1534
405/052	1534
210/085	1535
210/170.05	1535
210/242.4	1535
210/922	1535
405/025	1536
405/017	1536
405/303	1536
705/037	1537
705/035	1537
210/742	1538
210/744	1538
210/747.5	1538
210/774	1538
210/776	1538
210/923	1538
062/066	1538
062/533	1538
062/540	1538
405/052	1539
405/063	1540
106/713	1541
106/715	1541
114/294	1541
210/170.05	1542
137/565.01	1542
405/061	1543
405/063	1543
405/066	1543
210/747.5	1544
210/767	1544
405/128.1	1544
405/016	1544
404/044	1544
414/137.5	1545
175/060	1545
406/136	1545
405/063	1546
210/747	1547
210/170.3	1547
210/170.11	1547
210/143	1548
210/177	1548
210/198.1	1548
210/242.3	1548
210/923	1548
062/052.1	1548
405/030	1549
405/021	1549
405/025	1549
119/221	1549
119/234	1549
119/238	1549
405/210	1550
114/264	1550
114/230.13	1551
114/312	1552
114/050	1552
110/235	1553
110/346	1553
062/533	1554
062/052.1	1554
428/626	1555
428/411.1	1555
428/413	1555
428/474.4	1555
428/457	1555
428/332	1555
427/404	1555
427/405	1555
427/456	1555
427/449	1555
424/400	1556
428/141	1556
428/143	1556
114/026	1557
062/320	1557
405/014	1558
588/309	1559
588/313	1559
588/320	1559
588/252	1559
210/242.4	1560
210/485	1560
210/488	1560
210/502.1	1560
210/924	1560
405/063	1561
405/201	1562
175/005	1562
405/033	1563
405/030	1563
405/031	1563
405/025	1563
405/035	1563
405/195.1	1564
114/265	1564
114/264	1565
220/567.2	1565
210/170.11	1565
055/385.1	1565
210/143	1566
210/177	1566
210/198.1	1566
210/242.3	1566
210/923	1566
062/052.1	1566
062/533	1567
062/053.2	1567
062/052.1	1567
210/742	1568
210/744	1568
210/747	1568
210/776	1568
210/923	1568
062/066	1568
062/533	1568
062/540	1568
414/137.1	1569
414/803	1569
700/214	1569
901/001	1569
114/361	1570
073/053.1	1570
210/143	1571
210/177	1571
210/198.1	1571
210/242.3	1571
210/923	1571
062/052.1	1571
114/222	1572
405/224	1573
148/553	1574
148/433	1574
148/442	1574
148/538	1574
210/143	1575
210/198.1	1575
210/242.3	1575
210/177	1575
210/923	1575
062/052.1	1575
210/143	1576
210/177	1576
210/198.1	1576
210/242.3	1576
210/923	1576
062/052.1	1576
210/143	1577
210/177	1577
210/198.1	1577
210/242.3	1577
210/923	1577
062/052.1	1577
210/143	1578
210/177	1578
210/198.1	1578
210/242.3	1578
210/923	1578
062/052.1	1578
210/143	1579
210/177	1579
210/198.1	1579
210/242.3	1579
210/923	1579
015/321	1579
134/198	1579
062/052.1	1579
062/123	1579
062/293	1579
062/533	1580
062/050.1	1580
062/050.7	1580
705/500	1580
588/249	1580
241/024.16	1581
241/189.1	1581
241/191	1581
241/285.1	1581
241/079.2	1581
241/080	1581
241/024.1	1581
241/026	1581
052/169.13	1582
052/630	1582
052/300	1582
052/741.13	1582
052/745.19	1582
052/309.1	1582
114/361	1583
210/747	1584
210/242.3	1584
141/086	1585
141/311.A	1585
141/386	1585
114/343	1585
244/114.R	1586
405/136	1586
187/414	1586
405/195.1	1586
244/001.N	1586
405/218	1586
062/046.1	1587
062/123	1587
134/105	1588
134/105	1589
134/105	1590
210/170.1	1591
210/198.1	1592
210/923	1592
210/242.3	1593
210/923	1593
210/774	1594
210/739	1594
114/294	1595
106/736	1595
106/735	1595
405/025	1596
210/750	1597
210/764	1597
210/206	1597
210/205	1597
210/749	1597
210/198.1	1597
210/120	1597
210/143	1597
405/173	1598
212/270	1599
238/084	1600
524/423	1600
238/001	1600
405/231	1600
156/071	1601
210/242.4	1602
210/924	1602
405/018	1603
405/016	1603
405/017	1603
405/033	1603
114/125	1604
114/382	1604
405/023	1605
405/076	1606
405/068	1607
405/063	1607
441/005	1608
114/053	1609
414/137.3	1609
405/129.1	1610
405/129.1	1611
405/129.6	1612
210/242.1	1613
210/242.2	1613
210/242.4	1613
210/170	1613
405/302.7	1614
114/264	1615
588/249	1616
119/221	1617
405/216	1617
119/207	1617
406/154	1618
175/005	1619
239/526	1620
239/589	1620
239/533.12	1620
210/241	1621
210/724	1622
114/230.1	1623
405/118	1624
210/691	1625
210/242.4	1625
210/924	1625
114/264	1626
114/026	1627
114/026	1628
210/170	1629
210/747	1629
114/264	1630
588/256	1631
210/631	1632
210/202	1632
210/242.1	1632
701/016	1633
701/003	1633
340/961	1633
523/122	1634
106/018.36	1634
106/015.5	1634
524/588	1634
524/272	1634
524/322	1634
524/300	1634
239/399	1635
239/413	1635
114/274	1636
114/295	1637
507/209	1638
134/006	1639
015/256.6	1639
405/129.35	1640
405/129.55	1640
588/016	1640
588/017	1640
210/747	1641
210/776	1641
210/242.1	1641
210/924	1641
239/399	1642
210/748	1643
210/764	1643
210/192	1643
264/122	1644
264/109	1644
405/216	1645
405/211	1645
210/691	1646
210/242.4	1646
210/924	1646
114/382	1647
114/182	1647
414/137	1648
414/137.9	1648
406/121	1648
406/146	1648
406/197	1648
175/206	1648
405/229	1649
404/028	1649
404/031	1649
405/016	1649
405/025	1649
405/030	1649
405/032	1649
405/107	1649
405/258.1	1649
405/302.4	1649
405/302.6	1649
052/DIG.9	1649
210/748	1650
210/759	1650
440/002	1651
073/187	1651
440/038	1651
431/001	1652
114/257	1653
523/177	1654
427/385.5	1654
523/122	1654
210/096.1	1655
210/195.1	1655
210/241	1655
210/254	1655
210/257.1	1655
210/259	1655
210/266	1655
210/284	1655
249/171	1656
249/052	1656
249/176	1656
405/284	1656
405/229	1657
405/270	1657
405/271	1657
166/352	1658
166/354	1658
166/355	1658
405/224	1658
405/205	1658
210/747	1659
435/262.5	1660
405/229	1661
405/302.6	1661
052/DIG.9	1661
440/039	1662
073/181	1662
435/262.5	1663
435/254.11	1663
175/007	1664
166/338	1664
175/085	1664
166/352	1664
166/354	1664
166/355	1664
166/358	1664
588/205	1665
210/688	1666
210/691	1666
210/241	1666
210/257.1	1666
210/266	1666
210/284	1666
435/254.1	1667
435/262.5	1667
037/307	1668
037/317	1669
707/517	1669
707/530	1669
210/086	1670
210/091	1670
210/103	1670
210/104	1670
210/134	1670
210/137	1670
210/143	1670
210/513	1670
210/115	1670
114/343	1671
114/078	1671
405/284	1672
405/285	1672
405/286	1672
405/031	1672
405/128.1	1673
405/128.2	1673
405/128.75	1673
210/198.1	1674
366/186	1675
366/300	1675
366/321	1675
366/603	1675
588/256	1676
405/129.25	1676
405/129.65	1676
405/129.95	1676
588/252	1676
588/259	1676
114/295	1677
114/294	1677
052/165	1677
114/222	1678
015/001.7	1678
405/279	1679
405/274	1679
405/276	1679
405/281	1679
114/061	1680
441/004	1680
588/002	1681
588/315	1681
502/406	1682
210/660	1682
502/400	1682
502/416	1682
502/414	1682
502/407	1682
405/264	1682
210/719	1683
210/721	1683
210/720	1683
210/757	1683
210/758	1683
210/759	1683
210/724	1683
210/767	1683
165/104.28	1684
210/321.6	1684
210/243	1684
261/003	1684
159/016.2	1685
210/192	1686
210/710	1687
210/170.09	1687
210/170.05	1687
210/747.4	1688
210/757	1688
210/747.8	1688
210/747.4	1689
210/757	1689
210/747.8	1689
210/747.1	1689
423/210	1690
423/648.1	1690
422/004	1690
422/005	1690
422/120	1690
422/121	1690
422/122	1690
422/129	1690
210/600	1690
588/300	1690
588/301	1690
204/157.15	1690
204/164	1690
204/252	1691
204/253	1691
204/257	1691
205/746	1691
210/747.4	1692
210/173	1692
405/129.95	1693
210/637	1694
210/644	1694
210/641	1694
210/639	1694
210/259	1694
210/182	1694
210/202	1694
261/123	1695
261/124	1695
261/126	1695
210/101	1695
210/109	1695
210/137	1695
210/218	1695
210/220	1695
165/104.13	1696
165/104.31	1696
075/343	1697
422/186	1697
204/157.15	1697
205/687	1697
204/157.46	1697
977/840	1697
210/738	1698
210/210	1698
435/262	1699
423/210	1700
423/648.1	1700
422/004	1700
422/005	1700
422/120	1700
422/121	1700
422/122	1700
422/129	1700
210/600	1700
588/300	1700
588/301	1700
204/157.15	1700
204/164	1700
210/631	1701
210/295	1701
405/128.25	1702
427/136	1703
095/090	1703
210/660	1703
110/255	1703
048/197.R	1703
405/129.95	1703
172/001	1703
048/197.R	1704
048/201	1704
048/209	1704
048/210	1704
048/197.A	1704
252/373	1704
423/650	1704
423/651	1704
210/605	1705
210/151	1705
210/705	1706
210/693	1707
210/242.4	1707
210/605	1708
210/610	1708
210/137	1708
405/128.1	1708
210/748.02	1709
210/198.1	1709
405/129.95	1710
405/129.9	1710
405/129.45	1710
210/720	1711
210/198.1	1711
210/719	1711
210/192	1711
405/128.45	1712
111/014	1712
423/351	1713
423/658.2	1713
422/186	1713
422/127	1713
204/157.46	1713
205/432	1713
204/157.42	1713
204/157.41	1713
204/157.44	1713
166/369	1714
210/747.5	1715
210/767	1715
405/128.1	1715
405/016	1715
404/044	1715
705/500	1716
110/342	1716
110/345	1716
299/010	1716
588/300	1716
423/235	1716
166/308.1	1716
405/053	1716
166/268	1716
075/392	1716
210/747.5	1716
210/696	1717
071/012	1717
210/716	1717
210/724	1717
210/747	1717
210/764	1717
210/906	1717
210/912	1717
210/916	1717
405/129.25	1717
210/709	1718
210/719	1718
210/721	1718
210/724	1718
210/747	1718
210/759	1718
210/906	1718
210/908	1718
210/912	1718
405/129.95	1719
095/158	1720
203/032	1720
210/682	1721
588/313	1721
588/319	1721
588/320	1721
502/406	1721
210/681	1721
210/683	1721
210/688	1721
210/502.1	1721
405/129.95	1722
210/756	1723
210/764	1723
514/476	1723
514/561	1723
424/405	1723
210/666	1724
210/770	1724
423/402	1725
423/351	1725
423/400	1725
405/129.2	1726
166/369	1727
166/105	1727
210/721	1728
210/758	1728
210/170.7	1728
210/747	1728
210/192	1728
588/306	1729
422/186	1729
204/158.2	1729
210/748.16	1729
405/128.7	1729
405/129.95	1730
366/137.1	1730
435/177	1731
435/262	1731
435/289.1	1731
119/171	1731
210/102	1732
210/295	1732
210/259	1732
210/266	1732
435/165	1733
162/174	1733
568/840	1733
536/001.11	1733
162/055	1733
536/124	1733
426/074	1733
426/479	1733
426/495	1733
210/768	1733
210/770	1733
210/609	1733
062/064	1734
062/050.2	1734
062/053.2	1734
169/046	1734
128/200.24	1734
210/776	1734
423/210	1734
239/001	1734
405/130	1734
705/026	1734
210/668	1735
210/790	1735
210/748.1	1735
210/695	1735
210/261	1735
405/129.95	1736
210/683	1737
210/688	1737
205/742	1738
205/751	1738
204/275.1	1738
204/276	1738
405/129.9	1739
405/284	1739
588/252	1740
210/605	1741
210/170.8	1741
405/129.9	1742
405/129.95	1742
052/124.1	1742
052/125.2	1742
210/652	1743
166/075.11	1743
166/105	1743
166/265	1743
166/267	1743
210/137	1743
210/167.1	1743
210/195.1	1743
210/195.2	1743
210/257.1	1743
210/258	1743
210/321.66	1743
210/747	1743
210/805	1743
210/806	1743
210/257.2	1743
210/321.65	1743
210/739	1743
417/053	1743
417/076	1743
417/087	1743
417/151	1743
417/244	1743
405/129.15	1744
241/283	1744
210/614	1745
210/630	1745
210/631	1745
210/143	1745
210/205	1745
210/903	1745
435/262	1746
210/603	1746
435/290.4	1746
588/020	1747
210/170.1	1747
048/127.7	1748
048/197.R	1748
048/209	1748
210/758	1749
435/262.5	1749
210/138	1750
210/170.1	1750
210/170.11	1750
405/129.95	1751
405/129.5	1751
210/607	1752
210/170.3	1752
210/620	1753
210/621	1753
210/622	1753
210/630	1753
210/631	1753
210/652	1754
210/639	1754
210/723	1754
210/752	1754
210/753	1754
210/754	1754
435/293.1	1755
588/412	1756
241/065	1756
241/068	1756
110/259	1756
110/203	1756
210/689	1757
604/367	1757
602/043	1757
588/249	1757
521/151	1757
521/068	1757
422/028	1758
422/001	1758
422/184.1	1758
241/027	1758
210/607	1759
210/096.1	1759
405/129.1	1760
241/025	1760
241/024.1	1760
405/129.2	1760
405/129.95	1760
210/650	1761
210/321.84	1761
428/098	1761
428/188	1761
210/684	1762
521/030	1762
210/603	1763
435/289.1	1763
210/126	1763
210/134	1763
210/137	1763
210/609	1763
210/614	1763
210/601	1763
210/615	1763
210/607	1764
210/609	1764
210/614	1764
210/631	1764
210/709	1764
210/710	1764
210/724	1764
210/726	1764
210/764	1764
210/769	1764
210/906	1764
210/912	1764
210/916	1764
048/197.A	1764
210/630	1765
435/287.1	1765
435/286.1	1765
044/311	1766
210/712	1766
210/713	1766
210/170.7	1767
210/198.1	1767
210/747	1767
405/129.57	1768
405/129.85	1768
261/121.1	1769
210/600	1769
210/750	1769
405/128.75	1770
405/129.95	1771
422/030	1772
422/184.1	1772
423/645	1772
405/043	1773
405/129.85	1773
210/652	1774
204/542	1774
210/195.2	1774
210/195.3	1774
210/255	1774
210/714	1774
405/129.1	1775
588/407	1775
405/129.1	1776
588/017	1776
588/319	1776
588/407	1776
166/312	1777
166/057	1777
166/065.1	1777
166/090.1	1777
166/053	1777
405/128.4	1777
169/069	1777
210/741	1778
210/102	1778
210/143	1778
210/321.69	1778
210/739	1778
588/300	1779
588/410	1779
700/055	1779
210/719	1780
210/702	1780
210/605	1781
210/617	1781
210/151	1781
210/903	1781
405/128.75	1782
405/302.4	1783
405/302.6	1783
210/170.01	1784
034/060	1785
034/443	1785
210/708	1786
422/042	1787
422/041	1787
210/749	1787
210/925	1787
510/365	1787
510/366	1787
510/421	1787
510/422	1787
510/506	1787
510/188	1787
510/356	1787
405/128.75	1788
502/437	1788
588/315	1788
405/129.9	1789
405/129.57	1789
405/128.15	1790
405/128.1	1790
210/321.83	1791
210/321.76	1791
210/321.85	1791
588/318	1792
588/300	1792
588/400	1792
588/900	1792
588/405	1792
422/184.1	1792
422/062	1792
422/292	1792
422/307	1792
422/028	1792
204/555	1793
210/748	1793
204/571	1793
435/262	1794
071/008	1794
405/129.9	1795
210/758	1795
110/341	1796
110/229	1796
423/240.R	1796
422/188	1796
210/617	1797
210/694	1797
210/670	1797
210/678	1797
210/748	1797
210/265	1797
210/275	1797
210/733	1798
588/299	1799
588/300	1799
588/317	1799
588/318	1799
422/028	1799
422/184.1	1799
422/292	1799
210/637	1800
210/650	1800
210/652	1800
210/321.66	1800
210/170	1800
210/747	1800
210/257.2	1800
210/258	1800
166/267	1800
166/357	1800
422/184.1	1801
588/318	1801
405/302.4	1802
514/400	1803
514/642	1803
514/643	1803
514/554	1803
514/419	1803
204/252	1804
204/242	1804
204/263	1804
166/271	1805
166/268	1805
166/270	1805
166/270.2	1805
166/272.2	1805
405/129.35	1805
405/129.4	1805
405/128.7	1806
210/188	1807
405/129.95	1808
210/631	1809
366/241	1810
366/165.3	1810
366/279	1810
210/085	1811
210/143	1811
210/747	1811
210/739	1811
210/754	1811
210/266	1811
210/259	1811
210/170	1811
210/762	1812
588/316	1813
210/724	1814
210/739	1814
210/769	1814
405/129.5	1815
405/129.95	1815
405/129.85	1815
405/129.2	1816
588/252	1817
588/256	1817
588/260	1817
210/170	1818
405/129.1	1819
405/129.35	1819
405/129.45	1819
205/637	1820
205/688	1820
205/698	1820
210/603	1820
210/612	1820
210/613	1820
210/748	1821
210/646	1822
423/322	1823
210/710	1823
210/908	1823
210/532.2	1824
705/002	1825
405/129.1	1826
588/252	1827
588/252	1828
405/129.95	1829
405/129.95	1830
210/683	1831
521/025	1832
034/380	1833
405/128.8	1834
037/351	1834
588/251	1834
210/683	1835
423/055	1836
423/058	1836
210/913	1836
264/122	1837
264/109	1837
423/322	1838
210/759	1839
169/046	1840
510/513	1840
252/002	1840
405/128.5	1841
435/262	1842
435/262.5	1842
435/286.6	1842
435/287.5	1842
405/129.2	1842
405/129.5	1842
210/602	1843
210/170	1843
210/747	1843
034/443	1844
210/602	1845
423/080	1846
210/759	1847
405/129.2	1848
405/129.57	1848
405/129.1	1848
205/688	1849
204/242	1849
204/229.4	1849
210/603	1850
210/631	1850
210/188	1850
210/192	1850
422/003	1851
588/226	1851
422/062	1851
422/309	1851
422/184.1	1851
422/028	1851
210/175	1852
210/609	1852
210/603	1852
210/613	1852
405/128.5	1853
405/128.55	1853
210/739	1854
210/746	1854
210/747	1854
210/096.1	1854
405/037	1854
210/739	1855
210/096.1	1855
210/747	1855
210/746	1855
405/037	1855
405/128.5	1856
210/634	1857
210/639	1857
134/010	1857
134/040	1857
436/178	1857
210/610	1858
210/611	1858
405/129.25	1859
405/129.95	1859
405/129.95	1860
405/129.25	1860
405/129.25	1861
588/249	1861
405/129.95	1861
423/055	1862
210/747	1863
210/749	1863
210/754	1863
210/758	1863
405/037	1863
702/055	1863
405/258.1	1864
210/605	1865
210/614	1865
210/747	1865
210/139	1865
210/170	1865
210/221.2	1865
210/260	1865
210/532.1	1865
405/043	1865
405/051	1865
205/688	1866
210/170	1867
405/045	1867
588/236	1868
205/697	1869
405/129.1	1870
405/129.6	1870
405/129.75	1870
210/758	1871
585/240	1872
588/205	1872
588/201	1872
169/047	1873
169/049	1873
169/048	1873
169/046	1873
442/035	1874
442/381	1874
442/268	1874
435/262	1875
209/930	1875
241/028	1875
210/766	1876
405/129.2	1877
405/129.25	1877
405/129.45	1877
405/129.95	1878
405/128.15	1878
405/129.1	1878
405/128.7	1878
210/610	1879
210/747	1879
037/307	1880
037/317	1881
707/517	1881
707/530	1881
210/660	1882
405/129.9	1883
405/129.95	1883
405/129.45	1883
405/129.55	1883
241/023	1883
210/749	1884
210/636	1885
210/639	1885
210/641	1885
210/651	1885
210/721	1885
210/722	1885
210/724	1885
210/760	1885
210/806	1885
047/058.1	1886
047/009	1886
166/250.07	1887
166/263	1887
166/311	1887
166/312	1887
405/129.5	1887
405/129.95	1887
075/712	1888
800/295	1888
210/710	1889
210/712	1889
210/716	1889
210/723	1889
210/738	1889
210/770	1889
210/605	1890
210/151	1890
210/220	1890
210/259	1890
210/631	1890
405/129.5	1891
405/129.95	1891
210/634	1892
210/774	1892
210/747	1892
210/808	1892
175/066	1892
588/228	1893
431/002	1893
210/759	1894
210/766	1894
210/768	1894
210/774	1894
208/428	1895
208/435	1895
252/175	1896
252/184	1896
502/400	1896
210/764	1897
210/770	1897
210/790	1897
210/181	1897
588/256	1898
405/129.25	1898
405/129.65	1898
405/129.95	1898
588/252	1898
588/259	1898
702/006	1899
075/398	1900
075/399	1900
075/711	1900
210/688	1901
210/747	1901
210/912	1901
588/001	1901
588/020	1901
588/257	1902
588/252	1902
405/129	1902
210/732	1903
210/800	1903
210/808	1903
210/533	1903
210/536	1903
210/537	1903
210/123	1903
210/136	1903
210/241	1903
210/119	1903
210/605	1904
210/613	1904
210/614	1904
210/625	1904
210/903	1904
